eMAS_file,AOD_mean,AOD_var,AOD_range,AOD_elevated,solar_zenith,cloud_percent,altitude
/Users/rsspenc3/Desktop/SEAC4RS/DATA/eMAS_Data/Sept/Emas_04Sept/eMASL2AER_13961_01_20130904_1317_1326_20160628_0921.hdf,0.0983100226542,0.00174928965751,0.608000028878,0.000388840283853,70.5664964071,0.128743505527,13752.4313713
/Users/rsspenc3/Desktop/SEAC4RS/DATA/eMAS_Data/Sept/Emas_04Sept/eMASL2AER_13961_02_20130904_1326_1340_20160628_0921.hdf,0.193839318552,0.118066452342,4.50000021374,0.0343415248897,67.1758302405,0.639867347684,16274.9544954
/Users/rsspenc3/Desktop/SEAC4RS/DATA/eMAS_Data/Sept/Emas_04Sept/eMASL2AER_13961_03_20130904_1341_1348_20160628_0922.hdf,0.165434991234,0.0917761096813,4.48100021284,0.0401699141195,63.6498752532,0.440044531881,18645.4184143
/Users/rsspenc3/Desktop/SEAC4RS/DATA/eMAS_Data/Sept/Emas_04Sept/eMASL2AER_13961_04_20130904_1348_1400_20160628_0922.hdf,0.271339021095,0.189414139578,4.82500022918,0.0844172850284,60.6359851134,0.731486557642,18843.783681
/Users/rsspenc3/Desktop/SEAC4RS/DATA/eMAS_Data/Sept/Emas_04Sept/eMASL2AER_13961_05_20130904_1409_1423_20160628_0922.hdf,0.240166111823,0.0176958555564,1.12700005353,0.0534725717162,56.0874084701,0.840213258371,18837.8025322
/Users/rsspenc3/Desktop/SEAC4RS/DATA/eMAS_Data/Sept/Emas_04Sept/eMASL2AER_13961_06_20130904_1429_1448_20160628_0923.hdf,0.278949291439,0.0666510868645,4.66400022153,0.0514820592824,51.2354772655,0.967861200447,18838.5019627
/Users/rsspenc3/Desktop/SEAC4RS/DATA/eMAS_Data/Sept/Emas_04Sept/eMASL2AER_13961_07_20130904_1456_1510_20160628_0923.hdf,0.26238281501,0.00643269929621,0.431000020471,0.00763844684914,45.7911596543,0.967098101557,18837.4436182
/Users/rsspenc3/Desktop/SEAC4RS/DATA/eMAS_Data/Sept/Emas_04Sept/eMASL2AER_13961_08_20130904_1519_1535_20160628_0923.hdf,0.26495449719,0.0141739716086,0.653000031016,0.0700267618198,40.734655849,0.956720567263,18835.7072931
/Users/rsspenc3/Desktop/SEAC4RS/DATA/eMAS_Data/Sept/Emas_04Sept/eMASL2AER_13961_09_20130904_1545_1612_20160628_0924.hdf,0.286624569793,0.0985995600817,4.91100023326,0.0358451672011,35.2755801234,0.794057380276,18839.0624849
/Users/rsspenc3/Desktop/SEAC4RS/DATA/eMAS_Data/Sept/Emas_04Sept/eMASL2AER_13961_10_20130904_1615_1634_20160628_0924.hdf,0.231490334449,0.0208253573117,2.25000010687,0.0346414073072,30.848980859,0.660159246835,18838.1659456
/Users/rsspenc3/Desktop/SEAC4RS/DATA/eMAS_Data/Sept/Emas_04Sept/eMASL2AER_13961_11_20130904_1639_1650_20160628_0925.hdf,0.260277715967,0.0171625288724,4.75900022604,0.00444839857651,27.0897564995,0.859310900999,18833.8224451
/Users/rsspenc3/Desktop/SEAC4RS/DATA/eMAS_Data/Sept/Emas_04Sept/eMASL2AER_13961_12_20130904_1653_1706_20160628_0925.hdf,0.271106049287,0.029328545359,4.04700019222,0.0424648786718,24.8307693989,0.854778944287,18837.6067893
/Users/rsspenc3/Desktop/SEAC4RS/DATA/eMAS_Data/Sept/Emas_04Sept/eMASL2AER_13961_13_20130904_1709_1721_20160628_0925.hdf,0.247939076491,0.0383724482079,4.5940002182,0.00472143531634,22.6126703392,0.895741903232,18837.5621283
/Users/rsspenc3/Desktop/SEAC4RS/DATA/eMAS_Data/Sept/Emas_04Sept/eMASL2AER_13961_14_20130904_1733_1745_20160628_0926.hdf,0.135403848891,0.0168419437945,4.21100020001,0.00192086054552,20.8004866979,0.67047744937,18838.8002444
/Users/rsspenc3/Desktop/SEAC4RS/DATA/eMAS_Data/Sept/Emas_04Sept/eMASL2AER_13961_15_20130904_1752_1809_20160628_0926.hdf,0.209614582921,0.0158276267899,4.48900021322,0.0222929936306,19.7602627497,0.798993173314,18840.5545961
/Users/rsspenc3/Desktop/SEAC4RS/DATA/eMAS_Data/Sept/Emas_04Sept/eMASL2AER_13961_16_20130904_1812_1815_20160628_0926.hdf,0.338367203572,0.0387791797947,3.72200017679,0.0608424336973,19.1337103331,0.799941635741,18835.955971
/Users/rsspenc3/Desktop/SEAC4RS/DATA/eMAS_Data/Sept/Emas_04Sept/eMASL2AER_13961_17_20130904_1817_1830_20160628_0926.hdf,0.612777806883,0.00373906208359,0.213000010117,0.9,20.2251051809,0.992920159272,18834.1174177
/Users/rsspenc3/Desktop/SEAC4RS/DATA/eMAS_Data/Sept/Emas_04Sept/eMASL2AER_13961_18_20130904_1837_1850_20160628_0927.hdf,0.316124652696,0.295860937208,4.67100022186,0.0173661360347,21.7059626032,0.931135876045,18829.7329777
/Users/rsspenc3/Desktop/SEAC4RS/DATA/eMAS_Data/Sept/Emas_04Sept/eMASL2AER_13961_19_20130904_1857_1911_20160628_0927.hdf,0.387461865793,0.0101174402685,0.938000044553,0.099297893681,23.8991256257,0.91278582099,18835.6881163
/Users/rsspenc3/Desktop/SEAC4RS/DATA/eMAS_Data/Sept/Emas_04Sept/eMASL2AER_13961_20_20130904_1911_1918_20160628_0927.hdf,0.264047562974,0.013226692079,0.484000022989,0.0215827338129,26.3762871925,0.959389239272,18841.1934759
/Users/rsspenc3/Desktop/SEAC4RS/DATA/eMAS_Data/Sept/Emas_04Sept/eMASL2AER_13961_21_20130904_1927_1935_20160628_0928.hdf,0.510965478815,0.151751771404,4.42400021013,0.370235934664,28.8564497039,0.95468804853,18835.4109591
/Users/rsspenc3/Desktop/SEAC4RS/DATA/eMAS_Data/Sept/Emas_04Sept/eMASL2AER_13961_22_20130904_1944_2002_20160628_0928.hdf,0.157621540011,0.00529154360419,3.15300014976,0.00112558289114,31.9108395212,0.648252876035,16766.2624528
/Users/rsspenc3/Desktop/SEAC4RS/DATA/eMAS_Data/Sept/Emas_04Sept/eMASL2AER_13961_23_20130904_2002_2014_20160628_0928.hdf,0.206992206363,0.00890244500445,0.643000030541,0.0130045275022,34.181239823,0.562947652284,16478.0716141
/Users/rsspenc3/Desktop/SEAC4RS/DATA/eMAS_Data/Sept/Emas_04Sept/eMASL2AER_13961_24_20130904_2017_2026_20160628_0929.hdf,0.195054250873,0.0125370146771,1.50600007153,0.0128858680261,36.4822722222,0.600071759254,16114.5783898
/Users/rsspenc3/Desktop/SEAC4RS/DATA/eMAS_Data/Aug/Emas_16Aug/eMASL2AER_13954_01_20130816_1439_1443_20160627_1521.hdf,0.280495387365,0.0084946391017,2.72900012962,0.0011893749174,55.190947794,0.227377701322,17785.3182774
/Users/rsspenc3/Desktop/SEAC4RS/DATA/eMAS_Data/Aug/Emas_16Aug/eMASL2AER_13954_02_20130816_1443_1453_20160627_1521.hdf,0.392393130735,0.0309721834427,2.20900010492,0.209221568438,54.4399848301,0.608123290467,16214.702346
/Users/rsspenc3/Desktop/SEAC4RS/DATA/eMAS_Data/Aug/Emas_16Aug/eMASL2AER_13954_03_20130816_1453_1510_20160627_1522.hdf,1.25905178394,0.0636093999189,1.24600005918,0.983050847458,52.7892778427,0.997231718484,16813.0369138
/Users/rsspenc3/Desktop/SEAC4RS/DATA/eMAS_Data/Aug/Emas_16Aug/eMASL2AER_13954_04_20130816_1510_1539_20160627_1522.hdf,0.337118500959,0.034702285794,2.26600010763,0.148867313916,50.3870090576,0.795646234341,18573.2173444
/Users/rsspenc3/Desktop/SEAC4RS/DATA/eMAS_Data/Aug/Emas_16Aug/eMASL2AER_13954_05_20130816_1539_1554_20160627_1523.hdf,0.087952179303,0.00725981226188,0.600000028498,0.000139411682699,48.1991890889,0.432668038592,15863.8495455
/Users/rsspenc3/Desktop/SEAC4RS/DATA/eMAS_Data/Aug/Emas_16Aug/eMASL2AER_13954_06_20130816_1554_1608_20160627_1523.hdf,0.0873936243737,0.00932470180206,0.559000026551,0.000300842358604,46.5342967374,0.338080344415,15823.3880687
/Users/rsspenc3/Desktop/SEAC4RS/DATA/eMAS_Data/Aug/Emas_16Aug/eMASL2AER_13954_07_20130816_1608_1624_20160627_1523.hdf,0.073871982244,0.00958579554916,0.619000029401,0.000309061688713,44.9993955017,0.297788732394,18877.8919983
/Users/rsspenc3/Desktop/SEAC4RS/DATA/eMAS_Data/Aug/Emas_16Aug/eMASL2AER_13954_08_20130816_1624_1629_20160627_1524.hdf,-0.0345067563673,0.00085091229879,0.436000020709,0.0,44.0131711032,0.195464605817,19061.3458081
/Users/rsspenc3/Desktop/SEAC4RS/DATA/eMAS_Data/Aug/Emas_16Aug/eMASL2AER_13954_09_20130816_1629_1643_20160627_1524.hdf,0.0657520422748,0.0103559806587,0.540000025649,0.0,43.1042794846,0.499773020594,18548.728145
/Users/rsspenc3/Desktop/SEAC4RS/DATA/eMAS_Data/Aug/Emas_16Aug/eMASL2AER_13954_10_20130816_1644_1652_20160627_1524.hdf,0.139525449737,0.00692139009019,0.568000026979,0.000571428571429,42.0372803824,0.620505718877,16919.5196706
/Users/rsspenc3/Desktop/SEAC4RS/DATA/eMAS_Data/Aug/Emas_16Aug/eMASL2AER_13954_11_20130816_1652_1704_20160627_1524.hdf,0.165988949432,0.0057395106915,0.512000024319,0.0,40.8568881269,0.518138204225,14397.7532012
/Users/rsspenc3/Desktop/SEAC4RS/DATA/eMAS_Data/Aug/Emas_16Aug/eMASL2AER_13954_12_20130816_1714_1719_20160627_1525.hdf,0.344749723977,0.0100762307086,0.82700003928,0.0543541788428,39.0257357026,0.500926657506,18996.4184043
/Users/rsspenc3/Desktop/SEAC4RS/DATA/eMAS_Data/Aug/Emas_16Aug/eMASL2AER_13954_13_20130816_1721_1736_20160627_1525.hdf,0.239998412252,0.0190863568212,3.08800014667,0.0170530242473,36.5818772354,0.464923900408,19910.7432565
/Users/rsspenc3/Desktop/SEAC4RS/DATA/eMAS_Data/Aug/Emas_16Aug/eMASL2AER_13954_14_20130816_1736_1755_20160627_1525.hdf,0.0177213787546,0.00740494825771,0.813000038615,0.00188133140376,32.6578124805,0.502366321825,16943.125899
/Users/rsspenc3/Desktop/SEAC4RS/DATA/eMAS_Data/Aug/Emas_16Aug/eMASL2AER_13954_15_20130816_1755_1804_20160627_1525.hdf,0.0818571860564,0.016678568144,1.68900008022,0.00165084605861,29.7258067172,0.284361980265,17553.5353886
/Users/rsspenc3/Desktop/SEAC4RS/DATA/eMAS_Data/Aug/Emas_16Aug/eMASL2AER_13954_16_20130816_1804_1830_20160627_1526.hdf,0.0740571179948,0.0206169711325,2.50400011893,0.00521350546177,26.8378392776,0.540963266286,18568.1901472
/Users/rsspenc3/Desktop/SEAC4RS/DATA/eMAS_Data/Aug/Emas_16Aug/eMASL2AER_13954_17_20130816_1830_1842_20160627_1526.hdf,-0.0114686874134,0.00336084630845,0.531000025221,0.0,24.7354815852,0.544795643017,16513.5605197
/Users/rsspenc3/Desktop/SEAC4RS/DATA/eMAS_Data/Aug/Emas_16Aug/eMASL2AER_13954_18_20130816_1842_1852_20160627_1526.hdf,0.0884967210296,0.0188676260634,0.715000033961,0.00465052660375,24.2217773132,0.402198048627,16490.1980066
/Users/rsspenc3/Desktop/SEAC4RS/DATA/eMAS_Data/Aug/Emas_16Aug/eMASL2AER_13954_19_20130816_1852_1912_20160627_1527.hdf,0.222322750556,0.0488637015675,1.26500006008,0.130721106355,24.3406882681,0.496457908479,18580.9762144
/Users/rsspenc3/Desktop/SEAC4RS/DATA/eMAS_Data/Aug/Emas_16Aug/eMASL2AER_13954_20_20130816_1914_1928_20160627_1527.hdf,0.140174556034,0.0183355388294,1.27500006056,0.015865680838,24.827798875,0.349092991685,18552.9153942
/Users/rsspenc3/Desktop/SEAC4RS/DATA/eMAS_Data/Aug/Emas_16Aug/eMASL2AER_13954_21_20130816_1929_1943_20160627_1527.hdf,0.0617466621756,0.00618595446209,0.415000019711,0.0,24.7480028751,0.310646164958,15828.1382323
/Users/rsspenc3/Desktop/SEAC4RS/DATA/eMAS_Data/Aug/Emas_16Aug/eMASL2AER_13954_22_20130816_1943_1946_20160627_1528.hdf,0.0221207253968,0.00459755125473,0.420000019949,0.0,24.6801855993,0.254943661972,17774.1477792
/Users/rsspenc3/Desktop/SEAC4RS/DATA/eMAS_Data/Aug/Emas_16Aug/eMASL2AER_13954_23_20130816_1949_2001_20160627_1528.hdf,0.0934413923213,0.00792012495845,0.581000027596,0.000108084738435,25.1397220354,0.268538347992,18590.237707
/Users/rsspenc3/Desktop/SEAC4RS/DATA/eMAS_Data/Aug/Emas_16Aug/eMASL2AER_13954_24_20130816_2002_2028_20160627_1528.hdf,0.0226891569618,0.00490398570478,0.473000022466,0.0,28.2466929132,0.130326988555,18580.6736537
/Users/rsspenc3/Desktop/SEAC4RS/DATA/eMAS_Data/Aug/Emas_16Aug/eMASL2AER_13954_25_20130816_2028_2039_20160627_1529.hdf,0.0615398733441,0.0109572891971,2.05600009765,0.00747523827322,32.371291445,0.376790664833,19676.6008618
/Users/rsspenc3/Desktop/SEAC4RS/DATA/eMAS_Data/Aug/Emas_16Aug/eMASL2AER_13954_26_20130816_2041_2044_20160627_1529.hdf,0.909151319003,0.222750702407,3.61100017151,0.846387370978,34.667578808,0.752307998937,18408.6161916
/Users/rsspenc3/Desktop/SEAC4RS/DATA/eMAS_Data/Aug/Emas_02Aug/eMASL2AER_13949_01_20130802_1820_1826_20160627_1508.hdf,-0.0258549235078,0.00170560605748,0.228000010829,0.0,27.4705135276,0.8028162782,19899.6549221
/Users/rsspenc3/Desktop/SEAC4RS/DATA/eMAS_Data/Aug/Emas_02Aug/eMASL2AER_13949_02_20130802_1827_1831_20160627_1509.hdf,0.139437506623,0.0267842069714,0.522000024794,0.0,26.0392230167,0.934072844712,20121.3294974
/Users/rsspenc3/Desktop/SEAC4RS/DATA/eMAS_Data/Aug/Emas_02Aug/eMASL2AER_13949_03_20130802_1832_1846_20160627_1509.hdf,0.307863046362,0.0991335476172,2.16700010293,0.212667895707,23.8542033542,0.700575086263,20211.6606829
/Users/rsspenc3/Desktop/SEAC4RS/DATA/eMAS_Data/Aug/Emas_02Aug/eMASL2AER_13949_04_20130802_1852_1905_20160627_1509.hdf,0.223884111674,0.048145102087,1.71100008127,0.0935875216638,20.9353990618,0.757256383831,20206.0479918
/Users/rsspenc3/Desktop/SEAC4RS/DATA/eMAS_Data/Aug/Emas_02Aug/eMASL2AER_13949_05_20130802_1906_1923_20160627_1509.hdf,0.083447469971,0.0124426475854,1.46100006939,0.00637003232554,20.4775805949,0.542403593978,20219.5591266
/Users/rsspenc3/Desktop/SEAC4RS/DATA/eMAS_Data/Aug/Emas_02Aug/eMASL2AER_13949_06_20130802_1923_1935_20160627_1510.hdf,0.0522263637598,0.0141393641919,2.81600013375,0.0139140955838,20.6274082605,0.402384913508,20238.3213444
/Users/rsspenc3/Desktop/SEAC4RS/DATA/eMAS_Data/Aug/Emas_02Aug/eMASL2AER_13949_07_20130802_1936_1946_20160627_1510.hdf,0.0423933574374,0.00827386829327,2.06700009818,0.00340047083442,21.0604034528,0.245195359485,20245.7352916
/Users/rsspenc3/Desktop/SEAC4RS/DATA/eMAS_Data/Aug/Emas_02Aug/eMASL2AER_13949_08_20130802_1947_1958_20160627_1510.hdf,0.107943386419,0.0136421730681,1.35900006455,0.0178322003911,21.6884774146,0.289811078007,20247.4388325
/Users/rsspenc3/Desktop/SEAC4RS/DATA/eMAS_Data/Aug/Emas_02Aug/eMASL2AER_13949_09_20130802_1959_2023_20160627_1511.hdf,0.0916049023102,0.00955844827177,2.31600011,0.00148976551499,23.2606140791,0.129629085991,20258.4834953
/Users/rsspenc3/Desktop/SEAC4RS/DATA/eMAS_Data/Aug/Emas_02Aug/eMASL2AER_13949_10_20130802_2033_2046_20160627_1511.hdf,0.847002065053,0.861989501131,5.04200023948,0.460667416573,25.1800138868,0.139517164813,20258.0198759
/Users/rsspenc3/Desktop/SEAC4RS/DATA/eMAS_Data/Aug/Emas_02Aug/eMASL2AER_13949_11_20130802_2056_2111_20160627_1512.hdf,0.113631033805,0.00623452058522,0.256000012159,0.0,25.1614861774,0.0972787769818,20242.6530845
/Users/rsspenc3/Desktop/SEAC4RS/DATA/eMAS_Data/Aug/Emas_02Aug/eMASL2AER_13949_12_20130802_2113_2117_20160627_1512.hdf,0.0215582435308,0.000317491188379,0.0830000039423,0.0,25.2290046076,0.518964911284,20234.3299963
/Users/rsspenc3/Desktop/SEAC4RS/DATA/eMAS_Data/Aug/Emas_02Aug/eMASL2AER_13949_13_20130802_2120_2133_20160627_1512.hdf,0.0314496224958,0.00110628491221,0.286000013584,0.0,26.9235062375,0.49560759111,20241.7738218
/Users/rsspenc3/Desktop/SEAC4RS/DATA/eMAS_Data/Aug/Emas_02Aug/eMASL2AER_13949_14_20130802_2135_2138_20160627_1512.hdf,0.150395840477,0.0107562551711,0.916000043508,0.0183180682764,27.8760222058,0.698966013154,20240.9908427
/Users/rsspenc3/Desktop/SEAC4RS/DATA/eMAS_Data/Aug/Emas_02Aug/eMASL2AER_13949_15_20130802_2142_2155_20160627_1513.hdf,0.0817539035177,0.00333367528922,0.319000015152,0.0,29.4299636362,0.287412183874,20241.6371308
/Users/rsspenc3/Desktop/SEAC4RS/DATA/eMAS_Data/Aug/Emas_02Aug/eMASL2AER_13949_16_20130802_2201_2213_20160627_1513.hdf,0.329896871364,0.0888189439359,2.04600009718,0.282630574354,32.8076391447,0.0495754763877,17254.870133
/Users/rsspenc3/Desktop/SEAC4RS/DATA/eMAS_Data/Aug/Emas_02Aug/eMASL2AER_13949_17_20130802_2220_2233_20160627_1513.hdf,-0.0472529351397,9.75798634082e-05,0.129000006127,0.0,36.860896806,0.0824279007378,14204.6604236
/Users/rsspenc3/Desktop/SEAC4RS/DATA/eMAS_Data/Aug/Emas_02Aug/eMASL2AER_13949_18_20130802_2253_2323_20160627_1514.hdf,0.186886588063,0.252597576373,4.7140002239,0.0991252381777,45.0359512138,0.540405236183,18153.8433964
/Users/rsspenc3/Desktop/SEAC4RS/DATA/eMAS_Data/Aug/Emas_02Aug/eMASL2AER_13949_19_20130802_2325_2331_20160627_1514.hdf,0.109167043047,0.0197768715272,0.770000036573,0.0144605116796,48.9962695534,0.873342766882,17171.2822933
/Users/rsspenc3/Desktop/SEAC4RS/DATA/eMAS_Data/Sept/Emas_16Sept/eMASL2AER_13966_01_20130916_1517_1525_20160628_1005.hdf,0.53133290419,0.0130901134449,1.0170000483,0.602834946163,47.0272903613,0.753059470884,18156.3495849
/Users/rsspenc3/Desktop/SEAC4RS/DATA/eMAS_Data/Sept/Emas_16Sept/eMASL2AER_13966_02_20130916_1525_1546_20160628_1005.hdf,0.403235940265,0.0682242131911,4.97700023639,0.24728547408,42.6736684224,0.505225485464,19202.790659
/Users/rsspenc3/Desktop/SEAC4RS/DATA/eMAS_Data/Sept/Emas_16Sept/eMASL2AER_13966_03_20130916_1546_1616_20160628_1006.hdf,0.169865238736,0.00719195272757,4.08100019384,0.00134793133803,35.1849031626,0.302328232284,19474.4395386
/Users/rsspenc3/Desktop/SEAC4RS/DATA/eMAS_Data/Sept/Emas_16Sept/eMASL2AER_13966_04_20130916_1616_1634_20160628_1006.hdf,0.174778420021,0.00825285407274,1.55300007376,0.0068614601804,28.4673461313,0.202173913983,19464.9229736
/Users/rsspenc3/Desktop/SEAC4RS/DATA/eMAS_Data/Sept/Emas_16Sept/eMASL2AER_13966_07_20130916_1759_1817_20160628_1008.hdf,nan,nan,nan,0.0,16.9484969653,1.0,16801.321743
/Users/rsspenc3/Desktop/SEAC4RS/DATA/eMAS_Data/Sept/Emas_16Sept/eMASL2AER_13966_08_20130916_1817_1840_20160628_1008.hdf,nan,nan,nan,0.0,20.9243001341,1.0,17159.5302577
/Users/rsspenc3/Desktop/SEAC4RS/DATA/eMAS_Data/Sept/Emas_16Sept/eMASL2AER_13966_09_20130916_1840_1852_20160628_1009.hdf,nan,nan,nan,0.0,24.5443065338,1.0,16086.4622353
/Users/rsspenc3/Desktop/SEAC4RS/DATA/eMAS_Data/Sept/Emas_16Sept/eMASL2AER_13966_10_20130916_1852_1917_20160628_1009.hdf,0.234528477315,0.00318317179615,0.510000024224,0.00133913625711,28.2909269002,0.945021776887,16462.9097744
/Users/rsspenc3/Desktop/SEAC4RS/DATA/eMAS_Data/Sept/Emas_16Sept/eMASL2AER_13966_11_20130916_1921_1941_20160628_1010.hdf,0.18168241986,0.026916798639,1.37000006507,0.0557344562794,32.3969945023,0.661496693314,19778.5836105
/Users/rsspenc3/Desktop/SEAC4RS/DATA/eMAS_Data/Sept/Emas_16Sept/eMASL2AER_13966_12_20130916_1941_1953_20160628_1010.hdf,0.0523707943697,0.00071062318574,0.18000000855,0.0,34.2005783459,0.245842798728,19659.1771621
/Users/rsspenc3/Desktop/SEAC4RS/DATA/eMAS_Data/Sept/Emas_16Sept/eMASL2AER_13966_13_20130916_1953_2003_20160628_1011.hdf,0.0972105510445,0.00223078144574,0.340000016149,0.0,35.4362833239,0.3563263527,15986.2676956
/Users/rsspenc3/Desktop/SEAC4RS/DATA/eMAS_Data/Sept/Emas_16Sept/eMASL2AER_13966_14_20130916_2003_2023_20160628_1011.hdf,0.111168251726,0.00285439731974,0.488000023179,0.0,37.2620714473,0.859507606126,16059.003272
/Users/rsspenc3/Desktop/SEAC4RS/DATA/eMAS_Data/Sept/Emas_16Sept/eMASL2AER_13966_15_20130916_2023_2046_20160628_1011.hdf,nan,nan,nan,0.0,39.6277191544,1.0,19062.0204143
/Users/rsspenc3/Desktop/SEAC4RS/DATA/eMAS_Data/Sept/Emas_16Sept/eMASL2AER_13966_16_20130916_2050_2059_20160628_1012.hdf,nan,nan,nan,0.0,42.9099865627,1.0,16309.7543064
/Users/rsspenc3/Desktop/SEAC4RS/DATA/eMAS_Data/Aug/Emas_30Aug/eMASL2AER_13959_01_20130830_1714_1717_20160627_1602.hdf,0.703951913876,0.0312966879625,1.79600008531,0.927422003284,25.2814800772,0.402378481415,17874.6836883
/Users/rsspenc3/Desktop/SEAC4RS/DATA/eMAS_Data/Aug/Emas_30Aug/eMASL2AER_13959_03_20130830_1759_1827_20160627_1603.hdf,0.685133842892,0.0372544514383,3.22300015308,0.854093372635,24.9066929728,0.431361597577,18551.2986792
/Users/rsspenc3/Desktop/SEAC4RS/DATA/eMAS_Data/Aug/Emas_30Aug/eMASL2AER_13959_04_20130830_1831_1854_20160627_1603.hdf,0.761639628687,0.0565059060359,3.00700014282,0.8530917901,29.1919663893,0.697166021127,18542.467042
/Users/rsspenc3/Desktop/SEAC4RS/DATA/eMAS_Data/Aug/Emas_30Aug/eMASL2AER_13959_05_20130830_1854_1909_20160627_1604.hdf,0.534388396001,0.0239094312783,3.89900018519,0.52855137436,32.7907623323,0.435214885644,18546.3189581
/Users/rsspenc3/Desktop/SEAC4RS/DATA/eMAS_Data/Aug/Emas_30Aug/eMASL2AER_13959_06_20130830_1910_1914_20160627_1604.hdf,0.47467564205,0.027860311013,1.18000005605,0.383791560102,35.0073699901,0.380567584612,18543.311636
/Users/rsspenc3/Desktop/SEAC4RS/DATA/eMAS_Data/Aug/Emas_30Aug/eMASL2AER_13959_07_20130830_1917_1930_20160627_1604.hdf,0.452605187707,0.0224778516819,4.41300020961,0.355279503106,35.9363321162,0.35081761757,18543.381354
/Users/rsspenc3/Desktop/SEAC4RS/DATA/eMAS_Data/Aug/Emas_30Aug/eMASL2AER_13959_08_20130830_1933_1936_20160627_1605.hdf,0.445755310764,0.0375581255611,4.56900021702,0.268803418803,36.7963666988,0.399410495229,18547.0803315
/Users/rsspenc3/Desktop/SEAC4RS/DATA/eMAS_Data/Aug/Emas_30Aug/eMASL2AER_13959_09_20130830_1939_1952_20160627_1605.hdf,0.487360458109,0.0247343300549,3.32600015798,0.379026387625,39.1390004457,0.379475373803,18541.9832211
/Users/rsspenc3/Desktop/SEAC4RS/DATA/eMAS_Data/Aug/Emas_30Aug/eMASL2AER_13959_10_20130830_2000_2009_20160627_1605.hdf,0.457105562785,0.0299288661778,3.12900014862,0.276366795883,42.3932206557,0.357071378891,18540.0338446
/Users/rsspenc3/Desktop/SEAC4RS/DATA/eMAS_Data/Aug/Emas_30Aug/eMASL2AER_13959_11_20130830_2016_2023_20160627_1606.hdf,0.472123115189,0.0265486700436,2.54000012064,0.289966304755,44.9030483535,0.317165172855,18537.8730835
/Users/rsspenc3/Desktop/SEAC4RS/DATA/eMAS_Data/Aug/Emas_30Aug/eMASL2AER_13959_12_20130830_2024_2046_20160627_1606.hdf,0.307644899414,0.023517612221,4.89600023255,0.0797371248657,46.5430272818,0.286129375485,18546.1661275
/Users/rsspenc3/Desktop/SEAC4RS/DATA/eMAS_Data/Aug/Emas_30Aug/eMASL2AER_13959_13_20130830_2046_2101_20160627_1606.hdf,nan,nan,nan,0.0,47.8961363167,1.0,18554.0388267
/Users/rsspenc3/Desktop/SEAC4RS/DATA/eMAS_Data/Aug/Emas_30Aug/eMASL2AER_13959_14_20130830_2103_2106_20160627_1607.hdf,0.38361063769,0.0330189615068,1.27300006046,0.211623499684,48.9411079186,0.842243918054,18551.2682745
/Users/rsspenc3/Desktop/SEAC4RS/DATA/eMAS_Data/Aug/Emas_30Aug/eMASL2AER_13959_15_20130830_2110_2121_20160627_1607.hdf,0.291322462817,0.0260779515652,0.9390000446,0.103869653768,51.5510212045,0.98323943662,18550.8181409
/Users/rsspenc3/Desktop/SEAC4RS/DATA/eMAS_Data/Aug/Emas_30Aug/eMASL2AER_13959_16_20130830_2121_2123_20160627_1607.hdf,nan,nan,nan,0.0,53.3291129645,1.0,18548.8043561
/Users/rsspenc3/Desktop/SEAC4RS/DATA/eMAS_Data/Aug/Emas_30Aug/eMASL2AER_13959_18_20130830_2158_2207_20160627_1608.hdf,0.602566887226,0.0414641944464,1.6400000779,0.626159258075,63.3360317721,0.874090967825,18528.2703702
/Users/rsspenc3/Desktop/SEAC4RS/DATA/eMAS_Data/Aug/Emas_30Aug/eMASL2AER_13959_19_20130830_2209_2223_20160627_1608.hdf,0.470295083694,0.00991476275411,1.00600004778,0.210711591652,65.6049519906,0.471531104435,18515.552397
/Users/rsspenc3/Desktop/SEAC4RS/DATA/eMAS_Data/Aug/Emas_30Aug/eMASL2AER_13959_20_20130830_2224_2236_20160627_1608.hdf,0.476845814939,0.00938907346671,0.918000043603,0.3108,67.0757775068,0.363827009114,18521.0597128
/Users/rsspenc3/Desktop/SEAC4RS/DATA/eMAS_Data/Aug/Emas_30Aug/eMASL2AER_13959_21_20130830_2236_2250_20160627_1608.hdf,0.704378931363,0.0470082247324,4.75900022604,0.898532152842,68.4682562795,0.250539425075,18531.9723228
/Users/rsspenc3/Desktop/SEAC4RS/DATA/eMAS_Data/Aug/Emas_30Aug/eMASL2AER_13959_22_20130830_2251_2254_20160627_1609.hdf,0.566352976438,0.0367673735888,2.29200010886,0.597498578738,69.4528147219,0.204400194269,18534.5022982
/Users/rsspenc3/Desktop/SEAC4RS/DATA/eMAS_Data/Aug/Emas_30Aug/eMASL2AER_13959_23_20130830_2254_2305_20160627_1609.hdf,0.421305633409,0.0298144989502,3.66300017398,0.261651603757,70.5168341784,0.227763153227,16136.2466259
/Users/rsspenc3/Desktop/SEAC4RS/DATA/eMAS_Data/Aug/Emas_30Aug/eMASL2AER_13959_24_20130830_2305_2327_20160627_1609.hdf,0.438116105579,0.0364551733533,3.74100017769,0.260574940023,73.032212648,0.167938240627,17936.5352825
/Users/rsspenc3/Desktop/SEAC4RS/DATA/eMAS_Data/Aug/Emas_30Aug/eMASL2AER_13959_25_20130830_2327_2329_20160627_1610.hdf,0.620537383209,0.0218323091845,1.16100005514,0.780652418448,74.8734898042,0.31093104079,19922.901459
/Users/rsspenc3/Desktop/SEAC4RS/DATA/eMAS_Data/Aug/Emas_30Aug/eMASL2AER_13959_26_20130830_2329_2333_20160627_1610.hdf,0.566812388953,0.024868242651,3.88100018434,0.609314645183,75.3704394947,0.250684577428,18382.6462273
/Users/rsspenc3/Desktop/SEAC4RS/DATA/eMAS_Data/Sept/Emas_06Sept/eMASL2AER_13962_01_20130906_1634_1654_20160628_0929.hdf,0.499388819706,0.0548761122028,2.06700009818,0.396404870147,33.3489141173,0.513853722334,18523.1151436
/Users/rsspenc3/Desktop/SEAC4RS/DATA/eMAS_Data/Sept/Emas_06Sept/eMASL2AER_13962_02_20130906_1654_1720_20160628_0929.hdf,0.216199523493,0.0226984857971,1.14300005429,0.0519859813084,32.3332116563,0.387979917928,19145.1290205
/Users/rsspenc3/Desktop/SEAC4RS/DATA/eMAS_Data/Sept/Emas_06Sept/eMASL2AER_13962_03_20130906_1727_1743_20160628_0930.hdf,0.319803682187,0.0396830329138,1.12400005339,0.19482707363,30.5584651291,0.473042160246,19139.9483092
/Users/rsspenc3/Desktop/SEAC4RS/DATA/eMAS_Data/Sept/Emas_06Sept/eMASL2AER_13962_04_20130906_1744_1757_20160628_0930.hdf,0.254881976543,0.0177797792892,0.810000038473,0.0314933965459,30.091055249,0.350013960414,19146.0144536
/Users/rsspenc3/Desktop/SEAC4RS/DATA/eMAS_Data/Sept/Emas_06Sept/eMASL2AER_13962_05_20130906_1757_1815_20160628_0931.hdf,0.145791639796,0.0107399050527,0.526000024984,0.0,30.0623332763,0.139799409011,15665.3295549
/Users/rsspenc3/Desktop/SEAC4RS/DATA/eMAS_Data/Sept/Emas_06Sept/eMASL2AER_13962_06_20130906_1817_1847_20160628_0931.hdf,0.061317601831,0.00847741697982,2.27000010782,0.00171708315066,30.2786971854,0.300508210554,17750.5417456
/Users/rsspenc3/Desktop/SEAC4RS/DATA/eMAS_Data/Sept/Emas_06Sept/eMASL2AER_13962_07_20130906_1847_1903_20160628_0932.hdf,-0.035663774149,0.000771045407517,0.244000011589,0.0,30.2926545108,0.377287049732,19765.939932
/Users/rsspenc3/Desktop/SEAC4RS/DATA/eMAS_Data/Sept/Emas_06Sept/eMASL2AER_13962_08_20130906_1911_1923_20160628_0932.hdf,-0.0364553751377,0.000572373381601,0.191000009072,0.0,31.4750141345,0.30071402327,15740.4877313
/Users/rsspenc3/Desktop/SEAC4RS/DATA/eMAS_Data/Sept/Emas_06Sept/eMASL2AER_13962_09_20130906_1923_1950_20160628_0933.hdf,0.0250876418242,0.00420481939392,0.371000017622,0.0,34.2770300275,0.263966132562,17471.2647181
/Users/rsspenc3/Desktop/SEAC4RS/DATA/eMAS_Data/Sept/Emas_06Sept/eMASL2AER_13962_10_20130906_1950_1957_20160628_0933.hdf,0.142808290807,0.00434563584715,0.524000024889,0.0,37.3842854551,0.0953559192996,19748.8488347
/Users/rsspenc3/Desktop/SEAC4RS/DATA/eMAS_Data/Sept/Emas_06Sept/eMASL2AER_13962_11_20130906_1957_2013_20160628_0933.hdf,0.134091334891,0.0148339795228,3.64900017332,0.00609233135185,39.7840060372,0.125329792965,16658.6932615
/Users/rsspenc3/Desktop/SEAC4RS/DATA/eMAS_Data/Sept/Emas_06Sept/eMASL2AER_13962_12_20130906_2013_2025_20160628_0934.hdf,0.17445811688,0.0224368101571,4.21800020034,0.0177086610634,42.9000057941,0.33670627288,16055.9495944
/Users/rsspenc3/Desktop/SEAC4RS/DATA/eMAS_Data/Sept/Emas_06Sept/eMASL2AER_13962_13_20130906_2025_2037_20160628_0934.hdf,-0.00202721388233,0.00219589487835,0.252000011969,0.0,45.8986122418,0.084369111219,15606.6787965
/Users/rsspenc3/Desktop/SEAC4RS/DATA/eMAS_Data/Sept/Emas_06Sept/eMASL2AER_13962_14_20130906_2037_2057_20160628_0935.hdf,0.0962767310041,0.0134157490151,4.53400021535,0.000821834854449,49.9044036362,0.129220498802,16942.7580927
/Users/rsspenc3/Desktop/SEAC4RS/DATA/eMAS_Data/Sept/Emas_06Sept/eMASL2AER_13962_15_20130906_2057_2114_20160628_0935.hdf,0.264129496188,0.0158383182877,0.97500004631,0.037501055773,54.8820152938,0.276157908992,16125.9964965
/Users/rsspenc3/Desktop/SEAC4RS/DATA/eMAS_Data/Sept/Emas_06Sept/eMASL2AER_13962_16_20130906_2115_2123_20160628_0936.hdf,0.473759176981,0.0319488437153,1.14100005419,0.177198975235,58.4106548473,0.469302945677,15418.5378105
/Users/rsspenc3/Desktop/SEAC4RS/DATA/eMAS_Data/Sept/Emas_06Sept/eMASL2AER_13962_18_20130906_2210_2223_20160628_0936.hdf,0.361093382921,0.0090433249054,4.74400022533,0.0493441599001,65.9462045362,0.0766509142575,19085.4601343
/Users/rsspenc3/Desktop/SEAC4RS/DATA/eMAS_Data/Sept/Emas_06Sept/eMASL2AER_13962_19_20130906_2224_2229_20160628_0937.hdf,0.157691739674,0.0155489808837,0.531000025221,0.0,66.8373042698,0.397908688084,19098.8002821
/Users/rsspenc3/Desktop/SEAC4RS/DATA/eMAS_Data/Sept/Emas_06Sept/eMASL2AER_13962_20_20130906_2234_2248_20160628_0937.hdf,0.144424490213,0.00340061876894,0.705000033486,0.000526131182041,68.3019392588,0.0711074511586,19100.6882265
/Users/rsspenc3/Desktop/SEAC4RS/DATA/eMAS_Data/Sept/Emas_06Sept/eMASL2AER_13962_21_20130906_2250_2253_20160628_0937.hdf,0.115564604331,0.0225451766701,5.02700023877,0.00297717499173,69.3244184867,0.22057705456,19543.6361558
/Users/rsspenc3/Desktop/SEAC4RS/DATA/eMAS_Data/Aug/Emas_19Aug/eMASL2AER_13955_01_20130819_1529_1536_20160627_1529.hdf,0.319909570463,0.012844967364,0.99100004707,0.050326886407,43.8459677539,0.17047241784,18415.9914956
/Users/rsspenc3/Desktop/SEAC4RS/DATA/eMAS_Data/Aug/Emas_19Aug/eMASL2AER_13955_02_20130819_1536_1609_20160627_1530.hdf,0.269713022389,0.0118078330046,4.01300019061,0.00716589538634,41.0944091546,0.155149244088,18576.9487176
/Users/rsspenc3/Desktop/SEAC4RS/DATA/eMAS_Data/Aug/Emas_19Aug/eMASL2AER_13955_03_20130819_1609_1629_20160627_1530.hdf,0.497050935148,0.0346620370069,2.69400012796,0.402931351477,38.0348928533,0.226839750952,18567.5212823
/Users/rsspenc3/Desktop/SEAC4RS/DATA/eMAS_Data/Aug/Emas_19Aug/eMASL2AER_13955_04_20130819_1629_1657_20160627_1531.hdf,0.668924364228,0.0574875714541,4.44000021089,0.811906507963,36.3635802342,0.163676421076,18576.5212997
/Users/rsspenc3/Desktop/SEAC4RS/DATA/eMAS_Data/Aug/Emas_19Aug/eMASL2AER_13955_05_20130819_1714_1747_20160627_1532.hdf,0.217367166726,0.0246062951952,0.892000042368,0.0457218332157,33.3926781095,0.143614866849,18573.6997657
/Users/rsspenc3/Desktop/SEAC4RS/DATA/eMAS_Data/Aug/Emas_19Aug/eMASL2AER_13955_06_20130819_1747_1757_20160627_1532.hdf,0.141017400968,0.0166803324552,1.0170000483,0.0104006820119,33.3710516946,0.241820058281,18578.3674778
/Users/rsspenc3/Desktop/SEAC4RS/DATA/eMAS_Data/Aug/Emas_19Aug/eMASL2AER_13955_07_20130819_1759_1811_20160627_1533.hdf,0.429461916399,0.104799617853,1.46700006968,0.390685515105,33.3184426063,0.309074766057,18573.2616682
/Users/rsspenc3/Desktop/SEAC4RS/DATA/eMAS_Data/Aug/Emas_19Aug/eMASL2AER_13955_08_20130819_1814_1818_20160627_1533.hdf,0.654425904964,0.0924483242518,1.47500007006,0.632387810661,32.7061698469,0.0144413721593,18564.5051071
/Users/rsspenc3/Desktop/SEAC4RS/DATA/eMAS_Data/Aug/Emas_19Aug/eMASL2AER_13955_09_20130819_1821_1833_20160627_1533.hdf,0.173831549839,0.0253196370087,0.924000043888,0.0370145015718,31.8687750528,0.253834956045,18570.0431002
/Users/rsspenc3/Desktop/SEAC4RS/DATA/eMAS_Data/Aug/Emas_19Aug/eMASL2AER_13955_10_20130819_1835_1840_20160627_1533.hdf,0.536550489522,0.0600406000247,1.23700005875,0.595942028986,31.8863265308,0.15782531668,18567.9954794
/Users/rsspenc3/Desktop/SEAC4RS/DATA/eMAS_Data/Aug/Emas_19Aug/eMASL2AER_13955_11_20130819_1842_1855_20160627_1534.hdf,0.303260236844,0.0802954251916,1.59100007557,0.29239574816,31.0867295595,0.309364933999,18563.0572714
/Users/rsspenc3/Desktop/SEAC4RS/DATA/eMAS_Data/Aug/Emas_19Aug/eMASL2AER_13955_12_20130819_1858_1901_20160627_1534.hdf,0.114502360227,0.0089846140086,0.480000022799,0.0,30.1321031054,0.420627159182,18576.5258864
/Users/rsspenc3/Desktop/SEAC4RS/DATA/eMAS_Data/Aug/Emas_19Aug/eMASL2AER_13955_13_20130819_1904_1916_20160627_1534.hdf,0.376958756796,0.104795846805,1.56100007414,0.370570189358,30.9274141819,0.316350303657,18567.5726264
/Users/rsspenc3/Desktop/SEAC4RS/DATA/eMAS_Data/Aug/Emas_19Aug/eMASL2AER_13955_14_20130819_1919_1952_20160627_1534.hdf,0.250190891393,0.0298694734526,1.27200006042,0.0730201770476,31.3135127167,0.0823034453594,18567.7958765
/Users/rsspenc3/Desktop/SEAC4RS/DATA/eMAS_Data/Aug/Emas_19Aug/eMASL2AER_13955_16_20130819_2028_2041_20160627_1536.hdf,0.567994091494,0.0402415834864,1.26000005985,0.657563115565,34.9847071942,0.0632874033791,18550.6013667
/Users/rsspenc3/Desktop/SEAC4RS/DATA/eMAS_Data/Aug/Emas_19Aug/eMASL2AER_13955_17_20130819_2044_2047_20160627_1536.hdf,0.12842724733,0.0069905727847,0.526000024984,0.0,35.8365726484,0.206233267373,18544.6972464
/Users/rsspenc3/Desktop/SEAC4RS/DATA/eMAS_Data/Aug/Emas_19Aug/eMASL2AER_13955_18_20130819_2051_2103_20160627_1536.hdf,0.598589823246,0.0519076993172,1.30600006203,0.637880805727,38.6019173764,0.0930783791588,18549.000043
/Users/rsspenc3/Desktop/SEAC4RS/DATA/eMAS_Data/Aug/Emas_19Aug/eMASL2AER_13955_19_20130819_2105_2131_20160627_1536.hdf,0.547501374683,0.0236917481257,1.22600005823,0.563707357172,42.4887461654,0.265453232214,18547.3565906
/Users/rsspenc3/Desktop/SEAC4RS/DATA/eMAS_Data/Aug/Emas_19Aug/eMASL2AER_13955_20_20130819_2132_2205_20160627_1537.hdf,0.344721979535,0.0156600615612,3.66700017417,0.090645660899,48.8163247509,0.25232271024,18533.0890594
/Users/rsspenc3/Desktop/SEAC4RS/DATA/eMAS_Data/Aug/Emas_19Aug/eMASL2AER_13955_21_20130819_2205_2225_20160627_1538.hdf,0.397621362505,0.0374062999027,2.55300012126,0.225263834574,55.6545877501,0.613354834591,19280.0221706
/Users/rsspenc3/Desktop/SEAC4RS/DATA/eMAS_Data/Aug/Emas_01Aug/eMASL2AER_13948_01_20130801_2152_2210_20160627_1507.hdf,0.0483755898641,0.00742725812323,0.902000042843,0.00197109067017,31.3157492146,0.362411376471,19946.8005629
/Users/rsspenc3/Desktop/SEAC4RS/DATA/eMAS_Data/Aug/Emas_01Aug/eMASL2AER_13948_02_20130801_2212_2225_20160627_1507.hdf,0.0208445292258,0.0108321905545,2.41100011452,0.00245506356861,33.2420584221,0.448663979351,20230.453176
/Users/rsspenc3/Desktop/SEAC4RS/DATA/eMAS_Data/Aug/Emas_01Aug/eMASL2AER_13948_03_20130801_2228_2241_20160627_1507.hdf,0.0711537259292,0.013071727263,2.60200012359,0.00546272493573,36.3065126021,0.486002336891,20214.8786373
/Users/rsspenc3/Desktop/SEAC4RS/DATA/eMAS_Data/Aug/Emas_01Aug/eMASL2AER_13948_04_20130801_2248_2302_20160627_1508.hdf,0.07907869625,0.00727801871194,0.684000032488,0.00015132026935,41.2033447379,0.309885662664,20207.5683223
/Users/rsspenc3/Desktop/SEAC4RS/DATA/eMAS_Data/Aug/Emas_01Aug/eMASL2AER_13948_05_20130801_2313_2321_20160627_1508.hdf,0.118847022834,0.00163406492136,0.642000030493,0.000151660684495,45.2543416229,0.110104497546,19615.2034371
/Users/rsspenc3/Desktop/SEAC4RS/DATA/eMAS_Data/Sept/Emas_13Sept/eMASL2AER_13965_01_20130913_1551_1620_20160628_0956.hdf,0.239754635493,0.0253127600652,4.94900023506,0.0314713998061,38.064632105,0.827606780945,18709.809424
/Users/rsspenc3/Desktop/SEAC4RS/DATA/eMAS_Data/Sept/Emas_13Sept/eMASL2AER_13965_02_20130913_1620_1632_20160628_0957.hdf,0.221855470923,0.0181516071709,2.78100013209,0.0160427807487,32.6535894414,0.964574843443,17226.7115762
/Users/rsspenc3/Desktop/SEAC4RS/DATA/eMAS_Data/Sept/Emas_13Sept/eMASL2AER_13965_04_20130913_1718_1721_20160628_0958.hdf,nan,nan,nan,0.0,20.059898506,1.0,19548.8775248
/Users/rsspenc3/Desktop/SEAC4RS/DATA/eMAS_Data/Sept/Emas_13Sept/eMASL2AER_13965_05_20130913_1722_1732_20160628_0958.hdf,nan,nan,nan,0.0,19.7554596619,1.0,19721.1004249
/Users/rsspenc3/Desktop/SEAC4RS/DATA/eMAS_Data/Sept/Emas_13Sept/eMASL2AER_13965_06_20130913_1732_1735_20160628_0958.hdf,nan,nan,nan,0.0,19.6129258549,1.0,19560.8987301
/Users/rsspenc3/Desktop/SEAC4RS/DATA/eMAS_Data/Sept/Emas_13Sept/eMASL2AER_13965_07_20130913_1739_1745_20160628_0958.hdf,nan,nan,nan,0.0,19.2333060152,1.0,19053.8568358
/Users/rsspenc3/Desktop/SEAC4RS/DATA/eMAS_Data/Sept/Emas_13Sept/eMASL2AER_13965_08_20130913_1749_1755_20160628_0958.hdf,nan,nan,nan,0.0,18.6872977143,1.0,19023.146366
/Users/rsspenc3/Desktop/SEAC4RS/DATA/eMAS_Data/Sept/Emas_13Sept/eMASL2AER_13965_09_20130913_1759_1803_20160628_0959.hdf,nan,nan,nan,0.0,18.0097729924,1.0,19019.5721866
/Users/rsspenc3/Desktop/SEAC4RS/DATA/eMAS_Data/Sept/Emas_13Sept/eMASL2AER_13965_10_20130913_1815_1828_20160628_0959.hdf,nan,nan,nan,0.0,18.0452034043,1.0,19021.0119748
/Users/rsspenc3/Desktop/SEAC4RS/DATA/eMAS_Data/Sept/Emas_13Sept/eMASL2AER_13965_11_20130913_1832_1845_20160628_0959.hdf,nan,nan,nan,0.0,18.8956960461,1.0,19010.3736269
/Users/rsspenc3/Desktop/SEAC4RS/DATA/eMAS_Data/Sept/Emas_13Sept/eMASL2AER_13965_12_20130913_1848_1901_20160628_0959.hdf,nan,nan,nan,0.0,20.6989067272,1.0,19011.4122618
/Users/rsspenc3/Desktop/SEAC4RS/DATA/eMAS_Data/Sept/Emas_13Sept/eMASL2AER_13965_13_20130913_1905_1918_20160628_1000.hdf,nan,nan,nan,0.0,22.9329339732,1.0,19000.4426916
/Users/rsspenc3/Desktop/SEAC4RS/DATA/eMAS_Data/Sept/Emas_13Sept/eMASL2AER_13965_14_20130913_1921_1934_20160628_1000.hdf,nan,nan,nan,0.0,25.6311223593,1.0,19004.6545937
/Users/rsspenc3/Desktop/SEAC4RS/DATA/eMAS_Data/Sept/Emas_13Sept/eMASL2AER_13965_15_20130913_1937_1958_20160628_1000.hdf,nan,nan,nan,0.0,29.3868496469,1.0,18998.7943824
/Users/rsspenc3/Desktop/SEAC4RS/DATA/eMAS_Data/Sept/Emas_13Sept/eMASL2AER_13965_16_20130913_1959_2004_20160628_1001.hdf,0.339795047195,0.00251313213951,0.279000013252,0.0,33.3444559104,0.966457891317,18992.3592813
/Users/rsspenc3/Desktop/SEAC4RS/DATA/eMAS_Data/Sept/Emas_13Sept/eMASL2AER_13965_17_20130913_2007_2011_20160628_1001.hdf,nan,nan,nan,0.0,35.3708239802,1.0,18999.5683232
/Users/rsspenc3/Desktop/SEAC4RS/DATA/eMAS_Data/Sept/Emas_13Sept/eMASL2AER_13965_18_20130913_2015_2018_20160628_1001.hdf,nan,nan,nan,0.0,36.9717140714,1.0,18996.299804
/Users/rsspenc3/Desktop/SEAC4RS/DATA/eMAS_Data/Sept/Emas_13Sept/eMASL2AER_13965_19_20130913_2022_2026_20160628_1001.hdf,0.61366236681,0.00205060825687,0.262000012444,0.997409326425,38.4478796431,0.975142898367,19000.5175436
/Users/rsspenc3/Desktop/SEAC4RS/DATA/eMAS_Data/Sept/Emas_13Sept/eMASL2AER_13965_20_20130913_2029_2033_20160628_1001.hdf,0.604191809519,0.0353386652072,0.653000031016,0.598639455782,39.8957042715,0.988008101625,18988.9207547
/Users/rsspenc3/Desktop/SEAC4RS/DATA/eMAS_Data/Sept/Emas_13Sept/eMASL2AER_13965_21_20130913_2037_2041_20160628_1002.hdf,0.510647254575,0.00602745921651,0.423000020091,0.462209302326,41.611820586,0.983223450846,18984.7415593
/Users/rsspenc3/Desktop/SEAC4RS/DATA/eMAS_Data/Sept/Emas_13Sept/eMASL2AER_13965_22_20130913_2053_2107_20160628_1002.hdf,0.474373038405,0.00451421843084,0.360000017099,0.307086614173,46.9171153222,0.99848701257,18993.3279033
/Users/rsspenc3/Desktop/SEAC4RS/DATA/eMAS_Data/Sept/Emas_13Sept/eMASL2AER_13965_23_20130913_2111_2116_20160628_1002.hdf,nan,nan,nan,0.0,50.2801590189,1.0,18995.251017
/Users/rsspenc3/Desktop/SEAC4RS/DATA/eMAS_Data/Sept/Emas_13Sept/eMASL2AER_13965_24_20130913_2120_2126_20160628_1002.hdf,nan,nan,nan,0.0,52.3990043238,1.0,18987.3059257
/Users/rsspenc3/Desktop/SEAC4RS/DATA/eMAS_Data/Sept/Emas_13Sept/eMASL2AER_13965_25_20130913_2130_2136_20160628_1003.hdf,nan,nan,nan,0.0,54.4891798629,1.0,18987.8388383
/Users/rsspenc3/Desktop/SEAC4RS/DATA/eMAS_Data/Sept/Emas_13Sept/eMASL2AER_13965_26_20130913_2140_2145_20160628_1003.hdf,nan,nan,nan,0.0,56.6161215771,1.0,18989.7395657
/Users/rsspenc3/Desktop/SEAC4RS/DATA/eMAS_Data/Sept/Emas_13Sept/eMASL2AER_13965_27_20130913_2149_2153_20160628_1003.hdf,nan,nan,nan,0.0,58.4183921205,1.0,18985.4610984
/Users/rsspenc3/Desktop/SEAC4RS/DATA/eMAS_Data/Sept/Emas_13Sept/eMASL2AER_13965_28_20130913_2155_2200_20160628_1003.hdf,0.533737399089,0.00370245663169,0.297000014107,0.7,59.7484114575,0.998043262805,19432.8783917
/Users/rsspenc3/Desktop/SEAC4RS/DATA/eMAS_Data/Sept/Emas_13Sept/eMASL2AER_13965_29_20130913_2202_2220_20160628_1003.hdf,0.29115766671,0.0274304196036,4.31100020476,0.0489485774872,62.1653695466,0.913923949288,16813.3578278
/Users/rsspenc3/Desktop/SEAC4RS/DATA/eMAS_Data/Sept/Emas_13Sept/eMASL2AER_13965_30_20130913_2220_2250_20160628_1004.hdf,0.137090136411,0.0143256913823,5.00000023749,0.00750433308573,66.7852983711,0.379702217367,18202.0823539
/Users/rsspenc3/Desktop/SEAC4RS/DATA/eMAS_Data/Sept/Emas_13Sept/eMASL2AER_13965_31_20130913_2251_2253_20160628_1005.hdf,0.278623157573,0.00190694902127,0.346000016434,0.0,69.869884891,0.264859880935,20623.0737945
/Users/rsspenc3/Desktop/SEAC4RS/DATA/eMAS_Data/Sept/Emas_22Sept/eMASL2AER_13968_01_20130922_1256_1300_20160628_1021.hdf,0.214260879742,0.209920299715,2.24300010654,0.0833333333333,79.3524876944,0.999415985777,18491.7762655
/Users/rsspenc3/Desktop/SEAC4RS/DATA/eMAS_Data/Sept/Emas_22Sept/eMASL2AER_13968_02_20130922_1305_1309_20160628_1021.hdf,1.61853579116,0.148497262831,1.24100005894,0.965517241379,77.1916117597,0.999439540901,19076.6992874
/Users/rsspenc3/Desktop/SEAC4RS/DATA/eMAS_Data/Sept/Emas_22Sept/eMASL2AER_13968_03_20130922_1312_1323_20160628_1021.hdf,0.996711911748,0.47525971273,3.62900017237,0.6038647343,75.6091659469,0.99742384809,19060.6340251
/Users/rsspenc3/Desktop/SEAC4RS/DATA/eMAS_Data/Sept/Emas_22Sept/eMASL2AER_13968_04_20130922_1327_1342_20160628_1022.hdf,1.12558528074,1.05464237985,4.80000022799,0.557446808511,71.6373854549,0.993019167037,19061.1246864
/Users/rsspenc3/Desktop/SEAC4RS/DATA/eMAS_Data/Sept/Emas_22Sept/eMASL2AER_13968_05_20130922_1347_1400_20160628_1022.hdf,0.867309982715,1.2286437458,4.53400021535,0.232558139535,67.8416859298,0.998820509262,19062.4487052
/Users/rsspenc3/Desktop/SEAC4RS/DATA/eMAS_Data/Sept/Emas_22Sept/eMASL2AER_13968_06_20130922_1404_1419_20160628_1022.hdf,2.12357954012,1.12121532216,4.1940001992,0.990740740741,63.6424573346,0.99936864321,19062.5634701
/Users/rsspenc3/Desktop/SEAC4RS/DATA/eMAS_Data/Sept/Emas_22Sept/eMASL2AER_13968_07_20130922_1424_1437_20160628_1023.hdf,2.99400014221,0.182468817334,1.11400005291,0.833333333333,59.8744627997,0.999975121955,19062.4928631
/Users/rsspenc3/Desktop/SEAC4RS/DATA/eMAS_Data/Sept/Emas_22Sept/eMASL2AER_13968_08_20130922_1441_1455_20160628_1023.hdf,2.24600010668,2.76778492959,4.37300020771,0.8,56.1469325164,0.999925389014,19060.4908516
/Users/rsspenc3/Desktop/SEAC4RS/DATA/eMAS_Data/Sept/Emas_22Sept/eMASL2AER_13968_09_20130922_1456_1521_20160628_1023.hdf,3.31896640764,0.965191359299,4.23500020115,0.998751560549,49.9257983549,0.994331099513,19063.5991963
/Users/rsspenc3/Desktop/SEAC4RS/DATA/eMAS_Data/Sept/Emas_22Sept/eMASL2AER_13968_10_20130922_1529_1546_20160628_1024.hdf,1.01200004807,0.00396900037703,0.126000005985,0.666666666667,41.6616734682,0.999945873302,16504.7194786
/Users/rsspenc3/Desktop/SEAC4RS/DATA/eMAS_Data/Sept/Emas_22Sept/eMASL2AER_13968_11_20130922_1546_1611_20160628_1024.hdf,0.24993592088,0.0194436393715,4.86000023084,0.0116436501489,36.1319097642,0.742855671656,17466.0400233
/Users/rsspenc3/Desktop/SEAC4RS/DATA/eMAS_Data/Sept/Emas_22Sept/eMASL2AER_13968_12_20130922_1617_1633_20160628_1025.hdf,0.451443960836,0.0235454672757,3.34600015893,0.2223903177,32.267167511,0.984245892542,17553.6504788
/Users/rsspenc3/Desktop/SEAC4RS/DATA/eMAS_Data/Sept/Emas_22Sept/eMASL2AER_13968_13_20130922_1635_1637_20160628_1025.hdf,nan,nan,nan,0.0,31.8126813231,1.0,13396.5096006
/Users/rsspenc3/Desktop/SEAC4RS/DATA/eMAS_Data/Sept/Emas_22Sept/eMASL2AER_13968_14_20130922_1637_1640_20160628_1025.hdf,nan,nan,nan,0.0,31.7269185716,1.0,13498.0813727
/Users/rsspenc3/Desktop/SEAC4RS/DATA/eMAS_Data/Sept/Emas_22Sept/eMASL2AER_13968_15_20130922_1641_1703_20160628_1025.hdf,0.763000036241,0.0344106699355,0.442000020994,0.857142857143,31.7196668237,0.999767544091,17762.785596
/Users/rsspenc3/Desktop/SEAC4RS/DATA/eMAS_Data/Sept/Emas_22Sept/eMASL2AER_13968_16_20130922_1707_1721_20160628_1026.hdf,0.52285882679,0.15267125728,2.88300013694,0.404596015157,31.2849261599,0.753110923949,19051.3296548
/Users/rsspenc3/Desktop/SEAC4RS/DATA/eMAS_Data/Sept/Emas_22Sept/eMASL2AER_13968_17_20130922_1721_1732_20160628_1026.hdf,1.333394152,1.57023608253,4.72600022447,0.470588235294,30.3883254259,0.987804565742,19057.0743809
/Users/rsspenc3/Desktop/SEAC4RS/DATA/eMAS_Data/Sept/Emas_22Sept/eMASL2AER_13968_18_20130922_1733_1748_20160628_1027.hdf,nan,nan,nan,0.0,28.9959566003,1.0,19060.1993194
/Users/rsspenc3/Desktop/SEAC4RS/DATA/eMAS_Data/Sept/Emas_22Sept/eMASL2AER_13968_19_20130922_1751_1805_20160628_1027.hdf,nan,nan,nan,0.0,28.6553258471,1.0,19058.7304341
/Users/rsspenc3/Desktop/SEAC4RS/DATA/eMAS_Data/Sept/Emas_22Sept/eMASL2AER_13968_20_20130922_1809_1822_20160628_1027.hdf,nan,nan,nan,0.0,28.7746346334,1.0,19054.9307153
/Users/rsspenc3/Desktop/SEAC4RS/DATA/eMAS_Data/Sept/Emas_22Sept/eMASL2AER_13968_21_20130922_1825_1838_20160628_1027.hdf,nan,nan,nan,0.0,29.591697353,1.0,19057.0653874
/Users/rsspenc3/Desktop/SEAC4RS/DATA/eMAS_Data/Sept/Emas_22Sept/eMASL2AER_13968_22_20130922_1840_1854_20160628_1028.hdf,0.104503895739,0.0487973978009,3.00700014282,0.0556695197001,31.7991721528,0.620305897887,19052.6211499
/Users/rsspenc3/Desktop/SEAC4RS/DATA/eMAS_Data/Sept/Emas_22Sept/eMASL2AER_13968_23_20130922_1856_1903_20160628_1028.hdf,-0.000929066522205,0.0259778655409,2.54700012098,0.0074252174528,33.371271326,0.0616664788732,19054.4285234
/Users/rsspenc3/Desktop/SEAC4RS/DATA/eMAS_Data/Sept/Emas_22Sept/eMASL2AER_13968_24_20130922_1905_1929_20160628_1028.hdf,0.0456422098345,0.0246789059737,3.40400016168,0.0152829980102,33.8765331054,0.366136344695,19053.4438584
/Users/rsspenc3/Desktop/SEAC4RS/DATA/eMAS_Data/Sept/Emas_18Sept/eMASL2AER_13967_01_20130918_1419_1426_20160628_1013.hdf,0.501037236247,0.0503596130067,3.2950001565,0.531440162272,59.8835876189,0.944885796188,17063.3580961
/Users/rsspenc3/Desktop/SEAC4RS/DATA/eMAS_Data/Sept/Emas_18Sept/eMASL2AER_13967_02_20130918_1427_1440_20160628_1013.hdf,0.351942686914,0.0299548193127,4.53900021559,0.149221183801,56.4984788607,0.846088247014,18743.6718481
/Users/rsspenc3/Desktop/SEAC4RS/DATA/eMAS_Data/Sept/Emas_18Sept/eMASL2AER_13967_03_20130918_1440_1448_20160628_1013.hdf,0.271022737787,0.00690281647219,0.496000023559,0.00861174517535,53.2486973897,0.622961849722,19092.2507507
/Users/rsspenc3/Desktop/SEAC4RS/DATA/eMAS_Data/Sept/Emas_18Sept/eMASL2AER_13967_04_20130918_1453_1522_20160628_1014.hdf,0.307948064199,0.0232274671987,4.16700019792,0.10860618255,49.0660516072,0.747681506484,19101.7476737
/Users/rsspenc3/Desktop/SEAC4RS/DATA/eMAS_Data/Sept/Emas_18Sept/eMASL2AER_13967_05_20130918_1524_1536_20160628_1014.hdf,0.45704982382,0.0382654665242,3.00200014259,0.399274645565,46.184451699,0.922889713996,19097.019805
/Users/rsspenc3/Desktop/SEAC4RS/DATA/eMAS_Data/Sept/Emas_18Sept/eMASL2AER_13967_06_20130918_1538_1553_20160628_1015.hdf,0.504873481999,0.282309628792,4.83800022979,0.328162291169,43.9884675951,0.95327512398,19096.8931083
/Users/rsspenc3/Desktop/SEAC4RS/DATA/eMAS_Data/Sept/Emas_18Sept/eMASL2AER_13967_07_20130918_1557_1609_20160628_1015.hdf,0.361270764658,0.0180356099865,1.06000005035,0.143571638717,40.7039434839,0.845622057705,19092.1308685
/Users/rsspenc3/Desktop/SEAC4RS/DATA/eMAS_Data/Sept/Emas_18Sept/eMASL2AER_13967_08_20130918_1614_1626_20160628_1015.hdf,0.529115409747,0.0868688191143,3.71000017622,0.531506849315,37.8806205548,0.986814988816,19088.7965087
/Users/rsspenc3/Desktop/SEAC4RS/DATA/eMAS_Data/Sept/Emas_18Sept/eMASL2AER_13967_09_20130918_1629_1643_20160628_1016.hdf,0.356497401414,0.0280597931992,2.779000132,0.0867102396514,34.9842696033,0.880344945691,19086.5676505
/Users/rsspenc3/Desktop/SEAC4RS/DATA/eMAS_Data/Sept/Emas_18Sept/eMASL2AER_13967_10_20130918_1646_1659_20160628_1016.hdf,0.375230547418,0.0169888332052,0.597000028356,0.189440993789,32.5381824581,0.980490500236,19085.3812779
/Users/rsspenc3/Desktop/SEAC4RS/DATA/eMAS_Data/Sept/Emas_18Sept/eMASL2AER_13967_11_20130918_1701_1719_20160628_1016.hdf,0.213710548168,0.012619741777,0.540000025649,0.00622222222222,29.7074403362,0.86256006492,16159.0943709
/Users/rsspenc3/Desktop/SEAC4RS/DATA/eMAS_Data/Sept/Emas_18Sept/eMASL2AER_13967_12_20130918_1721_1739_20160628_1017.hdf,0.167367165989,0.00885940186105,0.498000023654,0.000171379605827,27.2380853483,0.782501060349,16386.5387949
/Users/rsspenc3/Desktop/SEAC4RS/DATA/eMAS_Data/Sept/Emas_18Sept/eMASL2AER_13967_13_20130918_1742_1754_20160628_1017.hdf,0.475635983339,0.0799605297088,2.88600013708,0.377716817894,27.0587444818,0.690188916105,19080.506496
/Users/rsspenc3/Desktop/SEAC4RS/DATA/eMAS_Data/Sept/Emas_18Sept/eMASL2AER_13967_14_20130918_1756_1811_20160628_1017.hdf,0.616000795689,0.193746634231,3.98900018947,0.456130268199,27.3991829897,0.862245995054,19073.7557239
/Users/rsspenc3/Desktop/SEAC4RS/DATA/eMAS_Data/Sept/Emas_18Sept/eMASL2AER_13967_15_20130918_1815_1831_20160628_1018.hdf,0.620780139431,0.152887845232,4.67900022224,0.549450549451,26.7050579645,0.941702043245,19064.0297957
/Users/rsspenc3/Desktop/SEAC4RS/DATA/eMAS_Data/Sept/Emas_18Sept/eMASL2AER_13967_16_20130918_1834_1848_20160628_1018.hdf,0.523540119206,0.0639273605973,4.61100021901,0.499017681729,26.8014735033,0.920240706534,19065.7389946
/Users/rsspenc3/Desktop/SEAC4RS/DATA/eMAS_Data/Sept/Emas_18Sept/eMASL2AER_13967_17_20130918_1852_1906_20160628_1018.hdf,0.630456111026,0.0784069413302,1.6780000797,0.608768971332,27.6187193149,0.981426331426,19051.9989031
/Users/rsspenc3/Desktop/SEAC4RS/DATA/eMAS_Data/Sept/Emas_18Sept/eMASL2AER_13967_18_20130918_1909_1922_20160628_1019.hdf,0.441480005573,0.0356011852369,4.10900019517,0.257021931512,28.8316864538,0.919240915955,19068.8384489
/Users/rsspenc3/Desktop/SEAC4RS/DATA/eMAS_Data/Sept/Emas_18Sept/eMASL2AER_13967_19_20130918_1925_1930_20160628_1019.hdf,1.35896635668,0.972234136165,4.36000020709,0.860335195531,30.6278674788,0.983539141828,19057.2777889
/Users/rsspenc3/Desktop/SEAC4RS/DATA/eMAS_Data/Sept/Emas_18Sept/eMASL2AER_13967_20_20130918_1932_1944_20160628_1019.hdf,0.934328597181,1.05087814312,4.86900023127,0.528645833333,32.1516175384,0.966287120312,19053.1873792
/Users/rsspenc3/Desktop/SEAC4RS/DATA/eMAS_Data/Sept/Emas_18Sept/eMASL2AER_13967_21_20130918_1945_1954_20160628_1019.hdf,0.468019489009,0.0824345736813,2.34600011143,0.321768563571,34.8682838121,0.795113942079,19056.8770135
/Users/rsspenc3/Desktop/SEAC4RS/DATA/eMAS_Data/Sept/Emas_18Sept/eMASL2AER_13967_22_20130918_1955_2009_20160628_1020.hdf,0.356003415652,0.062076042502,2.78400013223,0.161205514588,38.0821684217,0.566382829782,19068.5607028
/Users/rsspenc3/Desktop/SEAC4RS/DATA/eMAS_Data/Sept/Emas_18Sept/eMASL2AER_13967_23_20130918_2013_2028_20160628_1020.hdf,0.340504661409,0.0428641838374,2.4780001177,0.16113120684,41.2061369223,0.684462166473,19057.6663118
/Users/rsspenc3/Desktop/SEAC4RS/DATA/eMAS_Data/Sept/Emas_18Sept/eMASL2AER_13967_24_20130918_2032_2045_20160628_1021.hdf,0.425848035382,0.0484134416736,1.9390000921,0.28190115378,44.3621030783,0.672142018779,19056.2277248
/Users/rsspenc3/Desktop/SEAC4RS/DATA/eMAS_Data/Sept/Emas_18Sept/eMASL2AER_13967_25_20130918_2049_2101_20160628_1021.hdf,0.3219588101,0.0712453212544,3.0170001433,0.139318885449,47.5787294587,0.725691593507,19053.4962534
/Users/rsspenc3/Desktop/SEAC4RS/DATA/eMAS_Data/Aug/Emas_21Aug/eMASL2AER_13956_01_20130821_1534_1540_20160627_1538.hdf,0.162147157503,0.022546676173,3.80900018092,0.0107511045655,40.499085496,0.287264723184,18142.7305101
/Users/rsspenc3/Desktop/SEAC4RS/DATA/eMAS_Data/Aug/Emas_21Aug/eMASL2AER_13956_02_20130821_1541_1552_20160627_1539.hdf,0.235046946314,0.0155922114488,1.6970000806,0.0333086602517,37.9233934545,0.697306072248,16349.9672682
/Users/rsspenc3/Desktop/SEAC4RS/DATA/eMAS_Data/Aug/Emas_21Aug/eMASL2AER_13956_03_20130821_1552_1608_20160627_1539.hdf,0.261043992729,0.0264553835282,4.84000022989,0.0500552486188,34.4377747741,0.556771359867,16581.1258257
/Users/rsspenc3/Desktop/SEAC4RS/DATA/eMAS_Data/Aug/Emas_21Aug/eMASL2AER_13956_04_20130821_1608_1621_20160627_1539.hdf,0.487046905927,0.0641372770452,3.41200016206,0.374168882979,31.1849682553,0.814485770458,16287.1348405
/Users/rsspenc3/Desktop/SEAC4RS/DATA/eMAS_Data/Aug/Emas_21Aug/eMASL2AER_13956_05_20130821_1621_1634_20160627_1540.hdf,0.246632181595,0.0220240547356,2.21000010497,0.0530811470409,28.5242812541,0.782362498222,16250.7471636
/Users/rsspenc3/Desktop/SEAC4RS/DATA/eMAS_Data/Aug/Emas_21Aug/eMASL2AER_13956_06_20130821_1635_1640_20160627_1540.hdf,0.290691041944,0.0297630108852,1.14800005453,0.120488322718,26.9175929862,0.55913468837,18635.1906274
/Users/rsspenc3/Desktop/SEAC4RS/DATA/eMAS_Data/Aug/Emas_21Aug/eMASL2AER_13956_07_20130821_1640_1704_20160627_1540.hdf,0.538097376779,0.179667975427,5.01600023825,0.426089947545,25.8446171603,0.813821216315,18909.0637017
/Users/rsspenc3/Desktop/SEAC4RS/DATA/eMAS_Data/Aug/Emas_21Aug/eMASL2AER_13956_08_20130821_1706_1712_20160627_1541.hdf,0.631199635432,0.0718684671641,3.01000014297,0.61825354133,25.1952324264,0.669914973713,18906.8678758
/Users/rsspenc3/Desktop/SEAC4RS/DATA/eMAS_Data/Aug/Emas_21Aug/eMASL2AER_13956_09_20130821_1713_1725_20160627_1541.hdf,0.790062660477,0.0637332103294,3.09200014686,0.942641756801,23.8980416596,0.907909872226,18907.2244402
/Users/rsspenc3/Desktop/SEAC4RS/DATA/eMAS_Data/Aug/Emas_21Aug/eMASL2AER_13956_10_20130821_1729_1740_20160627_1541.hdf,0.778699244479,0.0418596119873,2.17100010312,0.97767374865,22.8858201009,0.909358104618,18898.3546003
/Users/rsspenc3/Desktop/SEAC4RS/DATA/eMAS_Data/Aug/Emas_21Aug/eMASL2AER_13956_11_20130821_1744_1757_20160627_1541.hdf,0.681541546531,0.0548429385182,2.09100009932,0.84437596302,22.6456759252,0.851020175105,18898.585862
/Users/rsspenc3/Desktop/SEAC4RS/DATA/eMAS_Data/Aug/Emas_21Aug/eMASL2AER_13956_12_20130821_1800_1812_20160627_1542.hdf,0.806520320066,0.0935268700836,3.87300018396,0.943176299174,22.8173109079,0.880175897011,18903.0818234
/Users/rsspenc3/Desktop/SEAC4RS/DATA/eMAS_Data/Aug/Emas_21Aug/eMASL2AER_13956_13_20130821_1816_1827_20160627_1542.hdf,0.484264906633,0.0564853015391,2.65200012596,0.404345590126,23.5780546272,0.753703236367,18903.1010668
/Users/rsspenc3/Desktop/SEAC4RS/DATA/eMAS_Data/Aug/Emas_21Aug/eMASL2AER_13956_14_20130821_1832_1841_20160627_1542.hdf,0.543384641194,0.0355146922034,1.84500008763,0.470501907837,24.7627142739,0.869116897229,18898.8569247
/Users/rsspenc3/Desktop/SEAC4RS/DATA/eMAS_Data/Aug/Emas_21Aug/eMASL2AER_13956_15_20130821_1845_1851_20160627_1542.hdf,0.494265225162,0.033432741092,2.63100012497,0.396027685826,25.9637847575,0.798055555556,18901.7284794
/Users/rsspenc3/Desktop/SEAC4RS/DATA/eMAS_Data/Aug/Emas_21Aug/eMASL2AER_13956_17_20130821_1940_2000_20160627_1543.hdf,0.274600224345,0.0181886388187,1.69600008056,0.0624179087431,33.1452757963,0.359885502838,18867.2484076
/Users/rsspenc3/Desktop/SEAC4RS/DATA/eMAS_Data/Aug/Emas_21Aug/eMASL2AER_13956_18_20130821_2001_2012_20160627_1544.hdf,0.724406438928,0.338562077028,4.28200020338,0.506120527307,35.1309681702,0.86312363874,16517.9618028
/Users/rsspenc3/Desktop/SEAC4RS/DATA/eMAS_Data/Aug/Emas_21Aug/eMASL2AER_13956_19_20130821_2012_2021_20160627_1544.hdf,0.441118929334,0.0174862766707,0.732000034768,0.322727272727,36.4849008885,0.918029644479,16123.5853445
/Users/rsspenc3/Desktop/SEAC4RS/DATA/eMAS_Data/Aug/Emas_21Aug/eMASL2AER_13956_20_20130821_2021_2033_20160627_1544.hdf,0.230902692026,0.0227810806109,1.54800007353,0.0563968668407,38.0126569157,0.667945865561,18661.2448199
/Users/rsspenc3/Desktop/SEAC4RS/DATA/eMAS_Data/Aug/Emas_21Aug/eMASL2AER_13956_21_20130821_2035_2039_20160627_1544.hdf,0.307484076873,0.00978351383327,0.718000034103,0.0533333333333,39.5638073506,0.834403603535,18140.0663219
/Users/rsspenc3/Desktop/SEAC4RS/DATA/eMAS_Data/Aug/Emas_21Aug/eMASL2AER_13956_22_20130821_2039_2043_20160627_1545.hdf,0.381234481385,0.0355116856885,1.13300005381,0.217207334274,40.2530865647,0.73748196496,16665.4475723
/Users/rsspenc3/Desktop/SEAC4RS/DATA/eMAS_Data/Aug/Emas_21Aug/eMASL2AER_13956_23_20130821_2043_2102_20160627_1545.hdf,0.428670809834,0.119533091133,5.01000023796,0.302551960011,42.1954823599,0.909202229871,18154.3753582
/Users/rsspenc3/Desktop/SEAC4RS/DATA/eMAS_Data/Aug/Emas_21Aug/eMASL2AER_13956_24_20130821_2103_2130_20160627_1545.hdf,0.412249479291,0.0880249281221,4.77900022699,0.241934653975,45.3193534525,0.680046355145,19136.6036716
/Users/rsspenc3/Desktop/SEAC4RS/DATA/eMAS_Data/Aug/Emas_23Aug/eMASL2AER_13957_02_20130823_1558_1621_20160627_1546.hdf,0.50638968759,0.0343566744194,4.45100021141,0.36246466692,35.1489168447,0.237616188937,18538.7402225
/Users/rsspenc3/Desktop/SEAC4RS/DATA/eMAS_Data/Aug/Emas_23Aug/eMASL2AER_13957_03_20130823_1627_1654_20160627_1547.hdf,0.65292270857,0.0629105665441,4.37600020785,0.621449502757,29.9982077809,0.391394452782,18543.5547294
/Users/rsspenc3/Desktop/SEAC4RS/DATA/eMAS_Data/Aug/Emas_23Aug/eMASL2AER_13957_04_20130823_1701_1727_20160627_1548.hdf,0.817609556796,0.0469861800806,3.78000017954,0.956280126493,25.2967754717,0.538670057926,18523.6130957
/Users/rsspenc3/Desktop/SEAC4RS/DATA/eMAS_Data/Aug/Emas_23Aug/eMASL2AER_13957_05_20130823_1734_1751_20160627_1548.hdf,0.723920090268,0.055667858568,1.83600008721,0.829873103341,22.8878052268,0.42488447929,18520.7476236
/Users/rsspenc3/Desktop/SEAC4RS/DATA/eMAS_Data/Aug/Emas_23Aug/eMASL2AER_13957_06_20130823_1753_1804_20160627_1549.hdf,0.52150147481,0.043093488207,3.88800018467,0.430765174982,21.1157471434,0.400462465515,18519.974777
/Users/rsspenc3/Desktop/SEAC4RS/DATA/eMAS_Data/Aug/Emas_23Aug/eMASL2AER_13957_07_20130823_1810_1822_20160627_1549.hdf,0.578397242327,0.0364316230906,4.81300022861,0.644692490468,21.1837932624,0.442272474756,18520.3616365
/Users/rsspenc3/Desktop/SEAC4RS/DATA/eMAS_Data/Aug/Emas_23Aug/eMASL2AER_13957_08_20130823_1827_1839_20160627_1549.hdf,0.536149094521,0.0494584715175,3.2380001538,0.439639427326,21.8660408282,0.402110079834,18516.3675567
/Users/rsspenc3/Desktop/SEAC4RS/DATA/eMAS_Data/Aug/Emas_23Aug/eMASL2AER_13957_09_20130823_1843_1855_20160627_1550.hdf,0.550385722324,0.0307996964696,2.65800012625,0.562424242424,23.273068283,0.443374426699,18511.9285991
/Users/rsspenc3/Desktop/SEAC4RS/DATA/eMAS_Data/Aug/Emas_23Aug/eMASL2AER_13957_10_20130823_1858_1910_20160627_1550.hdf,0.512349577652,0.0724587208485,4.80700022832,0.40452356817,24.9356878425,0.425947492796,18504.5088954
/Users/rsspenc3/Desktop/SEAC4RS/DATA/eMAS_Data/Aug/Emas_23Aug/eMASL2AER_13957_11_20130823_1914_1924_20160627_1550.hdf,0.599622619307,0.0566428440726,4.61800021934,0.653438087564,27.0282284804,0.451362685919,18506.5867958
/Users/rsspenc3/Desktop/SEAC4RS/DATA/eMAS_Data/Aug/Emas_23Aug/eMASL2AER_13957_12_20130823_1933_1957_20160627_1551.hdf,0.60633712402,0.0555094139404,4.84800023027,0.628758012579,30.7779495382,0.466412583482,18504.4279763
/Users/rsspenc3/Desktop/SEAC4RS/DATA/eMAS_Data/Aug/Emas_23Aug/eMASL2AER_13957_13_20130823_2004_2028_20160627_1551.hdf,0.598361308068,0.0454592282494,4.10600019502,0.654831259264,36.4519359633,0.55179354407,18502.6273266
/Users/rsspenc3/Desktop/SEAC4RS/DATA/eMAS_Data/Aug/Emas_23Aug/eMASL2AER_13957_14_20130823_2048_2113_20160627_1552.hdf,0.511242045137,0.0470666490939,4.76100022614,0.435361367666,44.4652656442,0.408679459306,18501.4702127
/Users/rsspenc3/Desktop/SEAC4RS/DATA/eMAS_Data/Aug/Emas_23Aug/eMASL2AER_13957_15_20130823_2116_2128_20160627_1552.hdf,0.445059459888,0.0260379247974,3.80200018059,0.236655449133,46.829953036,0.407643553629,16270.6748227
/Users/rsspenc3/Desktop/SEAC4RS/DATA/eMAS_Data/Aug/Emas_23Aug/eMASL2AER_13957_16_20130823_2128_2143_20160627_1553.hdf,0.443073509938,0.0330074351811,4.04000019189,0.30995738086,49.0579699631,0.38052790819,17204.4881648
/Users/rsspenc3/Desktop/SEAC4RS/DATA/eMAS_Data/Aug/Emas_27Aug/eMASL2AER_13958_01_20130827_1721_1726_20160627_1553.hdf,0.584125643508,0.0097624821924,0.678000032203,0.782812115243,24.0022769297,0.705265073588,17840.2610134
/Users/rsspenc3/Desktop/SEAC4RS/DATA/eMAS_Data/Aug/Emas_27Aug/eMASL2AER_13958_02_20130827_1751_1759_20160627_1553.hdf,0.147587147112,0.0416320737436,2.36800011247,0.0585771276596,24.0904337691,0.287070039283,14717.7425656
/Users/rsspenc3/Desktop/SEAC4RS/DATA/eMAS_Data/Aug/Emas_27Aug/eMASL2AER_13958_03_20130827_1759_1819_20160627_1553.hdf,0.200326960718,0.0143108317048,0.898000042653,0.0155826197947,24.9497684997,0.279015482969,16837.0441104
/Users/rsspenc3/Desktop/SEAC4RS/DATA/eMAS_Data/Aug/Emas_27Aug/eMASL2AER_13958_04_20130827_1819_1826_20160627_1554.hdf,0.187551516446,0.00915249746265,3.08600014658,0.0025123523993,26.2709234999,0.362418795681,17685.3348283
/Users/rsspenc3/Desktop/SEAC4RS/DATA/eMAS_Data/Aug/Emas_27Aug/eMASL2AER_13958_05_20130827_1827_1829_20160627_1554.hdf,0.17837257465,0.00475482051727,0.494000023464,0.0,26.9426808802,0.410385168152,15462.5076104
/Users/rsspenc3/Desktop/SEAC4RS/DATA/eMAS_Data/Aug/Emas_27Aug/eMASL2AER_13958_06_20130827_1830_1834_20160627_1554.hdf,0.0965182715951,0.00632127077475,0.519000024651,0.0,27.4084450632,0.349370955463,13998.4521349
/Users/rsspenc3/Desktop/SEAC4RS/DATA/eMAS_Data/Aug/Emas_27Aug/eMASL2AER_13958_07_20130827_1834_1854_20160627_1554.hdf,0.111262025739,0.0115535552389,4.03200019151,0.00180476179458,29.1116924816,0.151258962422,16760.650643
/Users/rsspenc3/Desktop/SEAC4RS/DATA/eMAS_Data/Aug/Emas_27Aug/eMASL2AER_13958_08_20130827_1854_1909_20160627_1555.hdf,0.0700467711854,0.012487387089,0.749000035576,0.00133142495756,31.99454983,0.16596217756,16227.7864131
/Users/rsspenc3/Desktop/SEAC4RS/DATA/eMAS_Data/Aug/Emas_27Aug/eMASL2AER_13958_09_20130827_1909_1913_20160627_1555.hdf,0.015636303414,0.00241201481825,0.551000026171,0.000111756817166,33.6197965567,0.164236498125,14068.9749518
/Users/rsspenc3/Desktop/SEAC4RS/DATA/eMAS_Data/Aug/Emas_27Aug/eMASL2AER_13958_10_20130827_1913_1930_20160627_1555.hdf,0.138235481283,0.00316532257947,0.420000019949,0.0,35.6283802541,0.145385754015,17511.7160512
/Users/rsspenc3/Desktop/SEAC4RS/DATA/eMAS_Data/Aug/Emas_27Aug/eMASL2AER_13958_11_20130827_1934_1951_20160627_1556.hdf,0.0863429166915,0.00683664069013,3.64400017308,0.000531674508866,38.8850039058,0.155343354243,16446.8512672
/Users/rsspenc3/Desktop/SEAC4RS/DATA/eMAS_Data/Aug/Emas_27Aug/eMASL2AER_13958_12_20130827_1952_2009_20160627_1556.hdf,0.199838265756,0.0161005034946,0.854000040563,0.0370154813177,41.6004077115,0.290205884991,16827.6025773
/Users/rsspenc3/Desktop/SEAC4RS/DATA/eMAS_Data/Aug/Emas_27Aug/eMASL2AER_13958_13_20130827_2009_2014_20160627_1557.hdf,0.483457412091,0.0295738608922,1.1600000551,0.363775368363,43.5742989826,0.46914076173,19417.8131396
/Users/rsspenc3/Desktop/SEAC4RS/DATA/eMAS_Data/Aug/Emas_27Aug/eMASL2AER_13958_14_20130827_2015_2031_20160627_1557.hdf,0.432624083262,0.026323062376,1.04100004944,0.308303987277,44.9730072841,0.797540295927,16929.6763402
/Users/rsspenc3/Desktop/SEAC4RS/DATA/eMAS_Data/Aug/Emas_27Aug/eMASL2AER_13958_15_20130827_2032_2042_20160627_1557.hdf,1.54025007316,0.00696318816147,0.231000010972,0.8,46.5644915654,0.998766463085,15381.2221144
/Users/rsspenc3/Desktop/SEAC4RS/DATA/eMAS_Data/Aug/Emas_27Aug/eMASL2AER_13958_16_20130827_2042_2046_20160627_1558.hdf,0.759776057168,0.0391162785383,1.95400009281,0.957189901207,47.4738067262,0.674916049972,17719.2124484
/Users/rsspenc3/Desktop/SEAC4RS/DATA/eMAS_Data/Aug/Emas_27Aug/eMASL2AER_13958_17_20130827_2048_2100_20160627_1558.hdf,0.503396122439,0.134079303906,4.69400022295,0.334857835574,48.349981896,0.431695799799,19483.4679819
/Users/rsspenc3/Desktop/SEAC4RS/DATA/eMAS_Data/Aug/Emas_27Aug/eMASL2AER_13958_18_20130827_2100_2111_20160627_1558.hdf,0.489027986118,0.0640692753945,4.69900022319,0.357721452835,49.2289884541,0.733755268182,20245.2955671
/Users/rsspenc3/Desktop/SEAC4RS/DATA/eMAS_Data/Aug/Emas_27Aug/eMASL2AER_13958_19_20130827_2112_2133_20160627_1558.hdf,0.308030929318,0.0227190151866,1.2170000578,0.111826916734,50.6045773885,0.226524856077,20225.988648
/Users/rsspenc3/Desktop/SEAC4RS/DATA/eMAS_Data/Aug/Emas_27Aug/eMASL2AER_13958_20_20130827_2135_2202_20160627_1559.hdf,0.23174413421,0.00539779155678,2.64100012544,0.00356796180182,53.6602708264,0.465182057859,20706.664018
/Users/rsspenc3/Desktop/SEAC4RS/DATA/eMAS_Data/Aug/Emas_27Aug/eMASL2AER_13958_21_20130827_2202_2222_20160627_1600.hdf,0.157005755084,0.0111186007793,2.779000132,0.00927417599164,57.5773091396,0.58505276893,17325.5739983
/Users/rsspenc3/Desktop/SEAC4RS/DATA/eMAS_Data/Aug/Emas_27Aug/eMASL2AER_13958_22_20130827_2222_2227_20160627_1600.hdf,0.12482420167,0.008966504305,0.736000034958,0.00286922379946,59.8934944888,0.519239739512,14278.2161087
/Users/rsspenc3/Desktop/SEAC4RS/DATA/eMAS_Data/Aug/Emas_27Aug/eMASL2AER_13958_23_20130827_2227_2241_20160627_1600.hdf,0.141528719231,0.0184936064554,3.05300014501,0.00323072234075,61.6490204011,0.364695208557,17841.6191304
/Users/rsspenc3/Desktop/SEAC4RS/DATA/eMAS_Data/Aug/Emas_27Aug/eMASL2AER_13958_24_20130827_2243_2246_20160627_1601.hdf,0.257880440979,0.00286642848614,0.375000017812,0.00153096729297,63.9611039075,0.0466613723087,20065.0944215
/Users/rsspenc3/Desktop/SEAC4RS/DATA/eMAS_Data/Aug/Emas_27Aug/eMASL2AER_13958_25_20130827_2246_2316_20160627_1601.hdf,0.181804757545,0.0118911536627,3.32300015783,0.0183561132621,67.711084391,0.425673996551,20175.6024744
/Users/rsspenc3/Desktop/SEAC4RS/DATA/eMAS_Data/Aug/Emas_27Aug/eMASL2AER_13958_26_20130827_2316_2325_20160627_1602.hdf,0.186072506242,0.0172798696526,1.00900004792,0.0506901184805,72.6237919946,0.396519633021,18637.6962509
/Users/rsspenc3/Desktop/SEAC4RS/DATA/eMAS_Data/Aug/Emas_14Aug/eMASL2AER_13953_01_20130814_1647_1650_20160627_1516.hdf,0.981341926953,0.0638665900395,1.05400005006,0.991525423729,32.9323542195,0.913649783315,18741.6434477
/Users/rsspenc3/Desktop/SEAC4RS/DATA/eMAS_Data/Aug/Emas_14Aug/eMASL2AER_13953_02_20130814_1654_1706_20160627_1516.hdf,0.697113333604,0.062064096507,1.07100005087,0.686274509804,30.5134411788,0.987004346263,17172.0162943
/Users/rsspenc3/Desktop/SEAC4RS/DATA/eMAS_Data/Aug/Emas_14Aug/eMASL2AER_13953_03_20130814_1706_1722_20160627_1516.hdf,1.11060129886,0.240262605252,4.13800019654,0.96267496112,27.847404055,0.974547708788,16954.0364018
/Users/rsspenc3/Desktop/SEAC4RS/DATA/eMAS_Data/Aug/Emas_14Aug/eMASL2AER_13953_04_20130814_1722_1741_20160627_1516.hdf,0.521518281429,0.0326109103917,2.78300013219,0.538543482471,25.2534913542,0.728488486808,18558.4803716
/Users/rsspenc3/Desktop/SEAC4RS/DATA/eMAS_Data/Aug/Emas_14Aug/eMASL2AER_13953_05_20130814_1741_1751_20160627_1517.hdf,0.451632646005,0.023910593366,1.28300006094,0.270660355397,23.8131360334,0.548822855834,16316.9732436
/Users/rsspenc3/Desktop/SEAC4RS/DATA/eMAS_Data/Aug/Emas_14Aug/eMASL2AER_13953_06_20130814_1751_1811_20160627_1517.hdf,0.478036536951,0.031143085203,3.07300014596,0.335524849565,23.2918758957,0.531463362941,17569.5577801
/Users/rsspenc3/Desktop/SEAC4RS/DATA/eMAS_Data/Aug/Emas_14Aug/eMASL2AER_13953_07_20130814_1813_1826_20160627_1518.hdf,0.507317867756,0.0853623461806,2.51700011955,0.371287403542,23.0075956947,0.491976136294,16986.1790453
/Users/rsspenc3/Desktop/SEAC4RS/DATA/eMAS_Data/Aug/Emas_14Aug/eMASL2AER_13953_08_20130814_1826_1839_20160627_1518.hdf,0.0817254560576,0.00640755761083,0.669000031776,0.000381436745073,22.7783729417,0.229343868087,16995.8173475
/Users/rsspenc3/Desktop/SEAC4RS/DATA/eMAS_Data/Aug/Emas_14Aug/eMASL2AER_13953_09_20130814_1844_1856_20160627_1518.hdf,0.125728883072,0.00380848749076,0.826000039233,0.00106097043429,24.4085208712,0.138279608366,18549.7862875
/Users/rsspenc3/Desktop/SEAC4RS/DATA/eMAS_Data/Aug/Emas_14Aug/eMASL2AER_13953_10_20130814_1904_1917_20160627_1519.hdf,0.108431991595,0.00373633133077,0.730000034673,0.00036832412523,26.6882907959,0.385293133803,18543.0456714
/Users/rsspenc3/Desktop/SEAC4RS/DATA/eMAS_Data/Aug/Emas_14Aug/eMASL2AER_13953_11_20130814_1920_1923_20160627_1519.hdf,0.0294542882743,0.00242637654389,0.273000012967,0.0,27.2892667664,0.420067925282,18542.9534301
/Users/rsspenc3/Desktop/SEAC4RS/DATA/eMAS_Data/Aug/Emas_14Aug/eMASL2AER_13953_12_20130814_1926_1938_20160627_1519.hdf,0.0947135478338,0.00359140580821,0.619000029401,0.000106776765376,29.4829702838,0.191461606176,18538.5725235
/Users/rsspenc3/Desktop/SEAC4RS/DATA/eMAS_Data/Aug/Emas_14Aug/eMASL2AER_13953_13_20130814_1941_1956_20160627_1520.hdf,0.212030200718,0.00919905460688,3.52600016748,0.00159351006809,31.4281627552,0.255423054935,18550.3955692
/Users/rsspenc3/Desktop/SEAC4RS/DATA/eMAS_Data/Aug/Emas_14Aug/eMASL2AER_13953_14_20130814_1958_2015_20160627_1520.hdf,0.234457687452,0.00525395499164,3.97400018875,0.00143820929868,32.6334448544,0.117055272813,18554.9708701
/Users/rsspenc3/Desktop/SEAC4RS/DATA/eMAS_Data/Aug/Emas_14Aug/eMASL2AER_13953_15_20130814_2015_2048_20160627_1521.hdf,0.636179406031,0.0575429015651,3.38200016064,0.710882243455,35.032563345,0.819985680751,18551.6212171
/Users/rsspenc3/Desktop/SEAC4RS/DATA/eMAS_Data/Aug/Emas_06Aug/eMASL2AER_13950_01_20130806_1806_1817_20160627_1515.hdf,nan,nan,nan,0.0,32.3666471,0.332462517038,17546.3224307
/Users/rsspenc3/Desktop/SEAC4RS/DATA/eMAS_Data/Aug/Emas_06Aug/eMASL2AER_13950_02_20130806_1817_1826_20160627_1515.hdf,1.28316135127,2.28497880395,4.32000020519,0.96875,31.6948768124,0.163109492871,18484.6923804
/Users/rsspenc3/Desktop/SEAC4RS/DATA/eMAS_Data/Aug/Emas_06Aug/eMASL2AER_13950_03_20130806_1826_1857_20160627_1515.hdf,0.974272773548,0.656497897075,2.87200013641,0.916666666667,30.760958287,0.364067958763,19236.3470549
/Users/rsspenc3/Desktop/SEAC4RS/DATA/eMAS_Data/Aug/Emas_06Aug/eMASL2AER_13950_04_20130806_1858_1900_20160627_1516.hdf,0.991888936001,0.00439809918323,0.255000012112,0.9,30.2932334326,0.999594127925,19421.0108728
/Users/rsspenc3/Desktop/SEAC4RS/DATA/eMAS_Data/Sept/Emas_23Sept/eMASL2AER_13969_01_20130923_1550_1556_20160628_1029.hdf,0.414228366131,0.0371243450853,1.83500008716,0.176470588235,43.8163192222,0.949312872853,15860.191883
/Users/rsspenc3/Desktop/SEAC4RS/DATA/eMAS_Data/Sept/Emas_23Sept/eMASL2AER_13969_02_20130923_1556_1606_20160628_1029.hdf,0.313888175882,0.0437455587978,3.57400016976,0.088868101029,43.150124575,0.858702330945,17771.8916692
/Users/rsspenc3/Desktop/SEAC4RS/DATA/eMAS_Data/Sept/Emas_23Sept/eMASL2AER_13969_03_20130923_1606_1630_20160628_1029.hdf,0.105978318523,0.159073227025,4.87100023136,0.0535112681124,42.066133338,0.491439230348,18922.8714113
/Users/rsspenc3/Desktop/SEAC4RS/DATA/eMAS_Data/Sept/Emas_23Sept/eMASL2AER_13969_04_20130923_1634_1641_20160628_1030.hdf,-0.0176632732758,0.00143521818744,0.452000021469,0.0,41.214317033,0.344006137995,19509.0176449
/Users/rsspenc3/Desktop/SEAC4RS/DATA/eMAS_Data/Sept/Emas_23Sept/eMASL2AER_13969_05_20130923_1641_1657_20160628_1030.hdf,-0.0427977578676,0.00172837604784,2.65200012596,0.000269275648506,40.8289026913,0.130785818358,16444.8770991
/Users/rsspenc3/Desktop/SEAC4RS/DATA/eMAS_Data/Sept/Emas_23Sept/eMASL2AER_13969_06_20130923_1657_1721_20160628_1031.hdf,0.0336902082489,0.0178855925196,1.61000007647,0.0106010241667,40.5211456082,0.583263807187,16965.7785115
/Users/rsspenc3/Desktop/SEAC4RS/DATA/eMAS_Data/Sept/Emas_23Sept/eMASL2AER_13969_07_20130923_1721_1736_20160628_1031.hdf,0.121810168605,0.0783975754529,3.5560001689,0.0749552772809,40.7949435669,0.789538141256,16294.9120922
/Users/rsspenc3/Desktop/SEAC4RS/DATA/eMAS_Data/Sept/Emas_23Sept/eMASL2AER_13969_08_20130923_1736_1807_20160628_1032.hdf,0.0672130451599,0.020090380289,4.54700021597,0.00833912439194,41.8604204456,0.511245621879,17592.0109205
/Users/rsspenc3/Desktop/SEAC4RS/DATA/eMAS_Data/Sept/Emas_23Sept/eMASL2AER_13969_09_20130923_1807_1824_20160628_1032.hdf,0.301666680995,0.222430276001,4.91800023359,0.151578947368,43.6167931832,0.955606588685,16337.4816212
/Users/rsspenc3/Desktop/SEAC4RS/DATA/eMAS_Data/Sept/Emas_23Sept/eMASL2AER_13969_10_20130923_1824_1853_20160628_1033.hdf,1.21562393738,0.515964657547,4.83100022946,0.8912,45.8122825495,0.949922508536,17398.0635037
/Users/rsspenc3/Desktop/SEAC4RS/DATA/eMAS_Data/Sept/Emas_23Sept/eMASL2AER_13969_11_20130923_1853_1910_20160628_1033.hdf,nan,nan,nan,0.0,48.3857087034,1.0,16272.9861597
/Users/rsspenc3/Desktop/SEAC4RS/DATA/eMAS_Data/Sept/Emas_23Sept/eMASL2AER_13969_12_20130923_1910_1935_20160628_1034.hdf,nan,nan,nan,0.0,50.9903427179,1.0,17141.4434845
/Users/rsspenc3/Desktop/SEAC4RS/DATA/eMAS_Data/Sept/Emas_23Sept/eMASL2AER_13969_13_20130923_1935_1941_20160628_1034.hdf,nan,nan,nan,0.0,53.0033977048,1.0,19209.65616
/Users/rsspenc3/Desktop/SEAC4RS/DATA/eMAS_Data/Sept/Emas_23Sept/eMASL2AER_13969_17_20130923_2136_2140_20160628_1036.hdf,0.0235942471524,0.00773992836088,0.637000030256,0.00148735746158,51.1130458564,0.572826020873,19194.7770396
/Users/rsspenc3/Desktop/SEAC4RS/DATA/eMAS_Data/Sept/Emas_23Sept/eMASL2AER_13969_18_20130923_2143_2151_20160628_1036.hdf,0.071846543391,0.0236254738539,0.929000044125,0.0218637992832,51.4064082995,0.582332315572,19191.3943925
/Users/rsspenc3/Desktop/SEAC4RS/DATA/eMAS_Data/Sept/Emas_23Sept/eMASL2AER_13969_19_20130923_2151_2158_20160628_1036.hdf,0.00332814366798,0.00290379867316,0.418000019854,0.0,51.7976081569,0.354407230786,19192.6087734
/Users/rsspenc3/Desktop/SEAC4RS/DATA/eMAS_Data/Sept/Emas_23Sept/eMASL2AER_13969_20_20130923_2204_2217_20160628_1037.hdf,0.00939155673747,0.00450958866835,0.397000018856,0.0,52.5992928893,0.437156198997,19194.1448284
/Users/rsspenc3/Desktop/SEAC4RS/DATA/eMAS_Data/Sept/Emas_23Sept/eMASL2AER_13969_21_20130923_2217_2221_20160628_1037.hdf,0.0908577278927,0.0182433839295,0.657000031206,0.00404858299595,53.0374494465,0.481998826291,19198.5110583
/Users/rsspenc3/Desktop/SEAC4RS/DATA/eMAS_Data/Sept/Emas_23Sept/eMASL2AER_13969_22_20130923_2221_2225_20160628_1037.hdf,-0.0269565230195,0.00236589688511,0.202000009594,0.0,53.2391617383,0.509278169014,19197.5172728
/Users/rsspenc3/Desktop/SEAC4RS/DATA/eMAS_Data/Sept/Emas_23Sept/eMASL2AER_13969_23_20130923_2226_2230_20160628_1037.hdf,-0.030087873615,0.00105045207326,0.216000010259,0.0,53.5536530701,0.488312898977,19202.9765199
/Users/rsspenc3/Desktop/SEAC4RS/DATA/eMAS_Data/Sept/Emas_11Sept/eMASL2AER_13964_01_20130911_1643_1652_20160628_0948.hdf,0.585778132398,0.103535385761,2.64800012577,0.540924685509,32.4066806448,0.67020692649,15925.5187436
/Users/rsspenc3/Desktop/SEAC4RS/DATA/eMAS_Data/Sept/Emas_11Sept/eMASL2AER_13964_02_20130911_1654_1708_20160628_0948.hdf,0.705460007625,0.0731614730714,2.22400010563,0.762324377619,31.7173942637,0.573273414808,18464.7050872
/Users/rsspenc3/Desktop/SEAC4RS/DATA/eMAS_Data/Sept/Emas_11Sept/eMASL2AER_13964_03_20130911_1709_1732_20160628_0948.hdf,0.919334544944,0.0952080844934,3.83200018201,0.977599080988,31.3536151083,0.415200877396,19427.9531776
/Users/rsspenc3/Desktop/SEAC4RS/DATA/eMAS_Data/Sept/Emas_11Sept/eMASL2AER_13964_04_20130911_1732_1749_20160628_0949.hdf,0.606887296506,0.035896347247,3.29300015641,0.714691943128,31.787519359,0.325258685446,16312.9509221
/Users/rsspenc3/Desktop/SEAC4RS/DATA/eMAS_Data/Sept/Emas_11Sept/eMASL2AER_13964_05_20130911_1749_1811_20160628_0949.hdf,0.692247746346,0.0602047276872,3.66100017389,0.769718615441,32.9875956088,0.447856363083,16655.182088
/Users/rsspenc3/Desktop/SEAC4RS/DATA/eMAS_Data/Sept/Emas_11Sept/eMASL2AER_13964_06_20130911_1812_1815_20160628_0950.hdf,0.308917705224,0.00824151243798,0.860000040848,0.031746031746,34.3386626164,0.14100973488,19286.4935885
/Users/rsspenc3/Desktop/SEAC4RS/DATA/eMAS_Data/Sept/Emas_11Sept/eMASL2AER_13964_07_20130911_1816_1820_20160628_0950.hdf,0.192910901218,0.00520129052381,0.550000026124,9.75895384015e-05,34.8263991934,0.0908020852387,19528.6731593
/Users/rsspenc3/Desktop/SEAC4RS/DATA/eMAS_Data/Sept/Emas_11Sept/eMASL2AER_13964_08_20130911_1823_1836_20160628_0950.hdf,0.339235526398,0.0284917363367,2.93400013936,0.170354689247,34.7478149019,0.238474284622,19742.9885218
/Users/rsspenc3/Desktop/SEAC4RS/DATA/eMAS_Data/Sept/Emas_11Sept/eMASL2AER_13964_09_20130911_1836_1853_20160628_0951.hdf,0.677031498222,0.0416054431108,2.73400012986,0.836751011194,34.0109353947,0.500429851838,20025.806348
/Users/rsspenc3/Desktop/SEAC4RS/DATA/eMAS_Data/Sept/Emas_11Sept/eMASL2AER_13964_10_20130911_1853_1858_20160628_0951.hdf,0.710687005234,0.0374564390384,1.43300006806,0.961306964746,33.7789007886,0.375880476228,19105.6564544
/Users/rsspenc3/Desktop/SEAC4RS/DATA/eMAS_Data/Sept/Emas_11Sept/eMASL2AER_13964_12_20130911_1936_1946_20160628_0952.hdf,0.551953222063,0.0602129621369,4.56800021697,0.513784277879,35.6381702244,0.407940998426,18517.0495087
/Users/rsspenc3/Desktop/SEAC4RS/DATA/eMAS_Data/Sept/Emas_11Sept/eMASL2AER_13964_13_20130911_1949_2002_20160628_0952.hdf,0.524961393782,0.0414164573723,2.51700011955,0.447495296331,38.1729895617,0.437828939449,18524.6034609
/Users/rsspenc3/Desktop/SEAC4RS/DATA/eMAS_Data/Sept/Emas_11Sept/eMASL2AER_13964_14_20130911_2010_2023_20160628_0952.hdf,0.552654131153,0.0405217489152,3.80900018092,0.567812553446,42.9713938745,0.362881952733,18532.2504543
/Users/rsspenc3/Desktop/SEAC4RS/DATA/eMAS_Data/Sept/Emas_11Sept/eMASL2AER_13964_15_20130911_2025_2036_20160628_0953.hdf,0.600201242508,0.0717015716451,3.09900014719,0.560147220249,46.3507834439,0.449044073051,18525.3749906
/Users/rsspenc3/Desktop/SEAC4RS/DATA/eMAS_Data/Sept/Emas_11Sept/eMASL2AER_13964_16_20130911_2037_2043_20160628_0953.hdf,1.05670975694,0.154533183194,4.07700019365,0.960454545455,48.2822498692,0.728287522492,18521.5024528
/Users/rsspenc3/Desktop/SEAC4RS/DATA/eMAS_Data/Sept/Emas_11Sept/eMASL2AER_13964_17_20130911_2045_2109_20160628_0953.hdf,0.622404251129,0.0458493083292,4.84700023022,0.782409447431,50.1921422924,0.65121581724,18526.7999425
/Users/rsspenc3/Desktop/SEAC4RS/DATA/eMAS_Data/Sept/Emas_11Sept/eMASL2AER_13964_18_20130911_2112_2137_20160628_0954.hdf,0.65370401068,0.0812130440966,4.06100019289,0.865818010372,55.5008904783,0.816625339621,18528.8197657
/Users/rsspenc3/Desktop/SEAC4RS/DATA/eMAS_Data/Sept/Emas_11Sept/eMASL2AER_13964_19_20130911_2142_2153_20160628_0954.hdf,0.457666688405,0.00425924484905,0.260000012349,0.239130434783,60.2814639839,0.998358296118,18526.3728747
/Users/rsspenc3/Desktop/SEAC4RS/DATA/eMAS_Data/Sept/Emas_11Sept/eMASL2AER_13964_20_20130911_2159_2211_20160628_0955.hdf,0.585823648706,0.0346855598936,1.60700007633,0.634680882571,61.9664625995,0.581784667738,18528.4345894
/Users/rsspenc3/Desktop/SEAC4RS/DATA/eMAS_Data/Sept/Emas_11Sept/eMASL2AER_13964_21_20130911_2215_2230_20160628_0955.hdf,0.693320862939,0.0495315758356,4.61800021934,0.877024978054,65.4769803106,0.6508799385,18530.040381
/Users/rsspenc3/Desktop/SEAC4RS/DATA/eMAS_Data/Sept/Emas_11Sept/eMASL2AER_13964_22_20130911_2233_2247_20160628_0955.hdf,0.58671446424,0.0692154074518,1.937000092,0.634212067955,69.1050582364,0.773039626649,18533.6973893
/Users/rsspenc3/Desktop/SEAC4RS/DATA/eMAS_Data/Sept/Emas_09Sept/eMASL2AER_13963_01_20130909_1659_1714_20160628_0938.hdf,0.392984980599,0.0115227079093,2.93000013917,0.10330942494,30.7062219969,0.597506259781,18259.4173069
/Users/rsspenc3/Desktop/SEAC4RS/DATA/eMAS_Data/Sept/Emas_09Sept/eMASL2AER_13963_02_20130909_1714_1736_20160628_0939.hdf,0.33994555463,0.0494964392313,2.07300009846,0.190709751875,30.6109305082,0.679458007303,19372.8618259
/Users/rsspenc3/Desktop/SEAC4RS/DATA/eMAS_Data/Sept/Emas_09Sept/eMASL2AER_13963_03_20130909_1736_1752_20160628_0939.hdf,0.0353530523109,0.00652773984765,3.24700015422,0.000832394848945,30.9764176767,0.211517624945,16617.4532519
/Users/rsspenc3/Desktop/SEAC4RS/DATA/eMAS_Data/Sept/Emas_09Sept/eMASL2AER_13963_04_20130909_1755_1824_20160628_0940.hdf,0.248005877544,0.0585920389777,2.90800013812,0.16124756775,29.3126446964,0.428064945967,16922.3316066
/Users/rsspenc3/Desktop/SEAC4RS/DATA/eMAS_Data/Sept/Emas_09Sept/eMASL2AER_13963_05_20130909_1826_1840_20160628_0940.hdf,0.353236305603,0.0283820465677,3.17400015076,0.168790767687,27.709803924,0.488932777297,19080.7776977
/Users/rsspenc3/Desktop/SEAC4RS/DATA/eMAS_Data/Sept/Emas_09Sept/eMASL2AER_13963_06_20130909_1841_1909_20160628_0941.hdf,0.341581592068,0.0768428539416,3.68400017498,0.198743966652,27.4452651126,0.466685400492,19071.9694299
/Users/rsspenc3/Desktop/SEAC4RS/DATA/eMAS_Data/Sept/Emas_09Sept/eMASL2AER_13963_08_20130909_1945_1949_20160628_0942.hdf,0.240046765342,0.00792100524566,0.637000030256,0.00253773206892,34.3657291079,0.388722650368,19066.5164844
/Users/rsspenc3/Desktop/SEAC4RS/DATA/eMAS_Data/Sept/Emas_09Sept/eMASL2AER_13963_09_20130909_1956_2009_20160628_0942.hdf,0.310485305103,0.0186655923941,4.7560002259,0.0595608612236,36.9249485311,0.349299252304,19072.4691089
/Users/rsspenc3/Desktop/SEAC4RS/DATA/eMAS_Data/Sept/Emas_09Sept/eMASL2AER_13963_10_20130909_2015_2030_20160628_0943.hdf,0.319896927008,0.0277314237958,4.88400023198,0.0827573392791,40.5734774014,0.328512111631,19074.6303638
/Users/rsspenc3/Desktop/SEAC4RS/DATA/eMAS_Data/Sept/Emas_09Sept/eMASL2AER_13963_11_20130909_2037_2052_20160628_0943.hdf,0.266420912125,0.0207390389672,4.86700023117,0.0176581462253,44.2000638668,0.27384438923,19071.3647067
/Users/rsspenc3/Desktop/SEAC4RS/DATA/eMAS_Data/Sept/Emas_09Sept/eMASL2AER_13963_12_20130909_2052_2121_20160628_0944.hdf,0.468349182241,0.0341795082968,3.92200018629,0.330292879842,50.8947082176,0.163418718677,19076.6475703
/Users/rsspenc3/Desktop/SEAC4RS/DATA/eMAS_Data/Sept/Emas_09Sept/eMASL2AER_13963_13_20130909_2124_2136_20160628_0944.hdf,0.515816989131,0.00913478347912,1.04100004944,0.50578493209,56.4828994778,0.172249875725,19068.7636159
/Users/rsspenc3/Desktop/SEAC4RS/DATA/eMAS_Data/Sept/Emas_09Sept/eMASL2AER_13963_14_20130909_2137_2150_20160628_0945.hdf,0.332919463661,0.00688677312469,3.08200014639,0.010451580351,57.9082401232,0.14822370549,19073.4379002
/Users/rsspenc3/Desktop/SEAC4RS/DATA/eMAS_Data/Sept/Emas_09Sept/eMASL2AER_13963_15_20130909_2157_2212_20160628_0945.hdf,0.331187622197,0.00374760084265,0.616000029258,0.00710291187247,61.9922859422,0.143939810739,19073.8768553
/Users/rsspenc3/Desktop/SEAC4RS/DATA/eMAS_Data/Sept/Emas_09Sept/eMASL2AER_13963_16_20130909_2219_2233_20160628_0945.hdf,0.348133022442,0.00792688284342,4.24400020158,0.0223660195786,66.591984066,0.132815767847,19071.3129558
/Users/rsspenc3/Desktop/SEAC4RS/DATA/eMAS_Data/Sept/Emas_09Sept/eMASL2AER_13963_17_20130909_2240_2254_20160628_0946.hdf,0.33370569311,0.0043799939815,2.9960001423,0.0186665021135,70.8527658669,0.140926130396,19072.9594887
/Users/rsspenc3/Desktop/SEAC4RS/DATA/eMAS_Data/Sept/Emas_09Sept/eMASL2AER_13963_18_20130909_2301_2315_20160628_0946.hdf,0.358456485248,0.0148509179392,4.24500020163,0.125164690382,75.5428672369,0.207915835092,19079.7643824
/Users/rsspenc3/Desktop/SEAC4RS/DATA/eMAS_Data/Sept/Emas_09Sept/eMASL2AER_13963_19_20130909_2316_2330_20160628_0947.hdf,0.304871290421,0.0286356707268,3.53900016809,0.0676985241242,77.3138226786,0.282845502132,19070.7226993
/Users/rsspenc3/Desktop/SEAC4RS/DATA/eMAS_Data/Sept/Emas_09Sept/eMASL2AER_13963_20_20130909_2330_2333_20160628_0947.hdf,0.154567751621,0.0101232736154,0.623000029591,0.000363108206245,78.5383444948,0.419856639839,19329.3759054
/Users/rsspenc3/Desktop/SEAC4RS/DATA/eMAS_Data/Sept/Emas_09Sept/eMASL2AER_13963_21_20130909_2333_2346_20160628_0947.hdf,-0.0338354785632,0.00104287924774,0.210000009974,0.0,79.6923791267,0.321170716524,19677.1790562
